filename,lf_compression_method,cd_compression_method,method_mismatch,data_entropy_shannon,data_entropy_renyi,declared_vs_entropy_flag,eocd_count,lf_unknown_method,file_size_bytes,entry_count,suspicious_entry_count,suspicious_entry_ratio,entropy_variance,lf_crc_valid,any_crc_mismatch,is_encrypted
hard_negative_extra_field_noise_0000.zip,8,8,False,7.0039,6.8475,False,1,0,336,1,0,0.0,0.0,True,False,False
hard_negative_extra_field_noise_0001.zip,8,8,False,7.1939,7.0257,False,1,0,400,1,0,0.0,0.0,True,False,False
hard_negative_extra_field_noise_0008.zip,8,8,False,6.7425,6.6246,False,1,0,287,1,0,0.0,0.0,True,False,False
hard_negative_extra_field_noise_0009.zip,8,8,False,7.1625,7.0031,False,1,0,391,1,0,0.0,0.0,True,False,False
hard_negative_extra_field_noise_0010.zip,8,8,False,6.8927,6.7461,False,1,0,340,1,0,0.0,0.0,True,False,False
hard_negative_extra_field_noise_0011.zip,8,8,False,7.1025,6.9015,False,1,0,373,1,0,0.0,0.0,True,False,False
hard_negative_extra_field_noise_0014.zip,8,8,False,7.1608,6.9888,False,1,0,395,1,0,0.0,0.0,True,False,False
hard_negative_extra_field_noise_0015.zip,8,8,False,7.0567,6.8918,False,1,0,388,1,0,0.0,0.0,True,False,False
hard_negative_extra_field_noise_0019.zip,8,8,False,6.919,6.782,False,1,0,334,1,0,0.0,0.0,True,False,False
hard_negative_extra_field_noise_0021.zip,8,8,False,7.095,6.9286,False,1,0,350,1,0,0.0,0.0,True,False,False
hard_negative_extra_field_noise_0022.zip,8,8,False,6.5268,6.3907,False,1,0,285,1,0,0.0,0.0,True,False,False
hard_negative_extra_field_noise_0023.zip,8,8,False,6.724,6.5991,False,1,0,289,1,0,0.0,0.0,True,False,False
hard_negative_extra_field_noise_0025.zip,8,8,False,7.1779,7.0144,False,1,0,399,1,0,0.0,0.0,True,False,False
hard_negative_extra_field_noise_0029.zip,8,8,False,7.0471,6.8732,False,1,0,364,1,0,0.0,0.0,True,False,False
hard_negative_extra_field_noise_0032.zip,8,8,False,6.5789,6.445,False,1,0,273,1,0,0.0,0.0,True,False,False
hard_negative_extra_field_noise_0039.zip,8,8,False,6.6923,6.5484,False,1,0,298,1,0,0.0,0.0,True,False,False
hard_negative_extra_field_noise_0040.zip,8,8,False,7.1628,7.0122,False,1,0,393,1,0,0.0,0.0,True,False,False
hard_negative_extra_field_noise_0042.zip,8,8,False,6.6927,6.5601,False,1,0,296,1,0,0.0,0.0,True,False,False
hard_negative_extra_field_noise_0045.zip,8,8,False,6.6924,6.5609,False,1,0,284,1,0,0.0,0.0,True,False,False
hard_negative_extra_field_noise_0046.zip,8,8,False,6.9496,6.7703,False,1,0,355,1,0,0.0,0.0,True,False,False
hard_negative_extra_field_noise_0048.zip,8,8,False,7.1358,6.9745,False,1,0,380,1,0,0.0,0.0,True,False,False
hard_negative_extra_field_noise_0052.zip,8,8,False,7.1751,7.0333,False,1,0,384,1,0,0.0,0.0,True,False,False
hard_negative_extra_field_noise_0054.zip,8,8,False,6.7505,6.6267,False,1,0,301,1,0,0.0,0.0,True,False,False
hard_negative_extra_field_noise_0056.zip,8,8,False,6.9623,6.8266,False,1,0,341,1,0,0.0,0.0,True,False,False
hard_negative_extra_field_noise_0057.zip,8,8,False,6.9304,6.7757,False,1,0,323,1,0,0.0,0.0,True,False,False
hard_negative_extra_field_noise_0058.zip,8,8,False,6.8006,6.6571,False,1,0,320,1,0,0.0,0.0,True,False,False
hard_negative_extra_field_noise_0062.zip,8,8,False,7.169,7.0031,False,1,0,402,1,0,0.0,0.0,True,False,False
hard_negative_extra_field_noise_0066.zip,8,8,False,7.1192,6.9771,False,1,0,379,1,0,0.0,0.0,True,False,False
hard_negative_extra_field_noise_0067.zip,8,8,False,7.024,6.8644,False,1,0,373,1,0,0.0,0.0,True,False,False
hard_negative_extra_field_noise_0068.zip,8,8,False,7.1353,6.9842,False,1,0,385,1,0,0.0,0.0,True,False,False
hard_negative_extra_field_noise_0070.zip,8,8,False,7.1037,6.933,False,1,0,366,1,0,0.0,0.0,True,False,False
hard_negative_extra_field_noise_0071.zip,8,8,False,6.5506,6.4067,False,1,0,282,1,0,0.0,0.0,True,False,False
hard_negative_extra_field_noise_0074.zip,8,8,False,6.6893,6.5728,False,1,0,295,1,0,0.0,0.0,True,False,False
hard_negative_extra_field_noise_0075.zip,8,8,False,7.1673,7.0024,False,1,0,391,1,0,0.0,0.0,True,False,False
hard_negative_extra_field_noise_0079.zip,8,8,False,6.8861,6.7849,False,1,0,299,1,0,0.0,0.0,True,False,False
hard_negative_extra_field_noise_0082.zip,8,8,False,6.6119,6.4756,False,1,0,283,1,0,0.0,0.0,True,False,False
hard_negative_extra_field_noise_0085.zip,8,8,False,7.1172,6.9467,False,1,0,354,1,0,0.0,0.0,True,False,False
hard_negative_extra_field_noise_0086.zip,8,8,False,7.0949,6.8387,False,1,0,389,1,0,0.0,0.0,True,False,False
hard_negative_extra_field_noise_0088.zip,8,8,False,6.5209,6.4154,False,1,0,266,1,0,0.0,0.0,True,False,False
hard_negative_extra_field_noise_0090.zip,8,8,False,6.5162,6.3737,False,1,0,285,1,0,0.0,0.0,True,False,False
hard_negative_extra_field_noise_0091.zip,8,8,False,6.7184,6.5979,False,1,0,305,1,0,0.0,0.0,True,False,False
hard_negative_extra_field_noise_0092.zip,8,8,False,7.0474,6.8634,False,1,0,366,1,0,0.0,0.0,True,False,False
hard_negative_extra_field_noise_0093.zip,8,8,False,6.7852,6.5909,False,1,0,325,1,0,0.0,0.0,True,False,False
hard_negative_extra_field_noise_0095.zip,8,8,False,6.8825,6.7454,False,1,0,327,1,0,0.0,0.0,True,False,False
hard_negative_extra_field_noise_0096.zip,8,8,False,6.5035,6.3865,False,1,0,258,1,0,0.0,0.0,True,False,False
hard_negative_extra_field_noise_0097.zip,8,8,False,6.8489,6.6809,False,1,0,320,1,0,0.0,0.0,True,False,False
hard_negative_extra_field_noise_0102.zip,8,8,False,6.4839,6.402,False,1,0,258,1,0,0.0,0.0,True,False,False
hard_negative_extra_field_noise_0103.zip,8,8,False,6.511,6.4044,False,1,0,264,1,0,0.0,0.0,True,False,False
hard_negative_extra_field_noise_0104.zip,8,8,False,6.2451,6.0852,False,1,0,255,1,0,0.0,0.0,True,False,False
hard_negative_extra_field_noise_0105.zip,8,8,False,6.5395,6.3842,False,1,0,285,1,0,0.0,0.0,True,False,False
hard_negative_extra_field_noise_0106.zip,8,8,False,6.9717,6.828,False,1,0,324,1,0,0.0,0.0,True,False,False
hard_negative_extra_field_noise_0108.zip,8,8,False,7.1346,6.9745,False,1,0,376,1,0,0.0,0.0,True,False,False
hard_negative_extra_field_noise_0113.zip,8,8,False,6.8726,6.7627,False,1,0,309,1,0,0.0,0.0,True,False,False
hard_negative_extra_field_noise_0114.zip,8,8,False,7.1044,6.9796,False,1,0,365,1,0,0.0,0.0,True,False,False
hard_negative_extra_field_noise_0117.zip,8,8,False,7.0913,6.9569,False,1,0,374,1,0,0.0,0.0,True,False,False
hard_negative_extra_field_noise_0121.zip,8,8,False,6.802,6.6757,False,1,0,293,1,0,0.0,0.0,True,False,False
hard_negative_extra_field_noise_0123.zip,8,8,False,6.9231,6.7625,False,1,0,339,1,0,0.0,0.0,True,False,False
hard_negative_extra_field_noise_0124.zip,8,8,False,7.1097,6.9554,False,1,0,363,1,0,0.0,0.0,True,False,False
hard_negative_extra_field_noise_0129.zip,8,8,False,7.0516,6.8811,False,1,0,357,1,0,0.0,0.0,True,False,False
hard_negative_extra_field_noise_0131.zip,8,8,False,6.271,6.1522,False,1,0,245,1,0,0.0,0.0,True,False,False
hard_negative_extra_field_noise_0133.zip,8,8,False,6.6363,6.4904,False,1,0,288,1,0,0.0,0.0,True,False,False
hard_negative_extra_field_noise_0135.zip,8,8,False,6.9044,6.7713,False,1,0,344,1,0,0.0,0.0,True,False,False
hard_negative_extra_field_noise_0136.zip,8,8,False,6.7375,6.5911,False,1,0,290,1,0,0.0,0.0,True,False,False
hard_negative_extra_field_noise_0137.zip,8,8,False,6.9725,6.8292,False,1,0,345,1,0,0.0,0.0,True,False,False
hard_negative_extra_field_noise_0139.zip,8,8,False,6.9241,6.8017,False,1,0,338,1,0,0.0,0.0,True,False,False
hard_negative_extra_field_noise_0141.zip,8,8,False,7.0186,6.8361,False,1,0,376,1,0,0.0,0.0,True,False,False
hard_negative_extra_field_noise_0148.zip,8,8,False,6.4311,6.2755,False,1,0,262,1,0,0.0,0.0,True,False,False
hard_negative_extra_field_noise_0150.zip,8,8,False,6.5387,6.4199,False,1,0,259,1,0,0.0,0.0,True,False,False
hard_negative_extra_field_noise_0152.zip,8,8,False,6.798,6.6399,False,1,0,315,1,0,0.0,0.0,True,False,False
hard_negative_extra_field_noise_0153.zip,8,8,False,7.0765,6.9135,False,1,0,375,1,0,0.0,0.0,True,False,False
hard_negative_extra_field_noise_0154.zip,8,8,False,6.815,6.6797,False,1,0,309,1,0,0.0,0.0,True,False,False
hard_negative_extra_field_noise_0158.zip,8,8,False,6.6703,6.5017,False,1,0,287,1,0,0.0,0.0,True,False,False
hard_negative_extra_field_noise_0160.zip,8,8,False,7.0301,6.8619,False,1,0,379,1,0,0.0,0.0,True,False,False
hard_negative_extra_field_noise_0161.zip,8,8,False,7.1827,7.063,False,1,0,383,1,0,0.0,0.0,True,False,False
hard_negative_extra_field_noise_0165.zip,8,8,False,6.688,6.5581,False,1,0,288,1,0,0.0,0.0,True,False,False
hard_negative_extra_field_noise_0167.zip,8,8,False,6.8925,6.7783,False,1,0,326,1,0,0.0,0.0,True,False,False
hard_negative_extra_field_noise_0169.zip,8,8,False,6.9112,6.7654,False,1,0,335,1,0,0.0,0.0,True,False,False
hard_negative_extra_field_noise_0170.zip,8,8,False,6.8817,6.6913,False,1,0,356,1,0,0.0,0.0,True,False,False
hard_negative_extra_field_noise_0171.zip,8,8,False,7.0462,6.8556,False,1,0,383,1,0,0.0,0.0,True,False,False
hard_negative_extra_field_noise_0172.zip,8,8,False,6.8985,6.6885,False,1,0,340,1,0,0.0,0.0,True,False,False
hard_negative_extra_field_noise_0175.zip,8,8,False,6.6519,6.5305,False,1,0,282,1,0,0.0,0.0,True,False,False
hard_negative_extra_field_noise_0177.zip,8,8,False,6.7302,6.6114,False,1,0,286,1,0,0.0,0.0,True,False,False
hard_negative_extra_field_noise_0179.zip,8,8,False,6.845,6.6941,False,1,0,318,1,0,0.0,0.0,True,False,False
hard_negative_extra_field_noise_0181.zip,8,8,False,7.0042,6.8138,False,1,0,368,1,0,0.0,0.0,True,False,False
hard_negative_extra_field_noise_0182.zip,8,8,False,7.0486,6.8766,False,1,0,347,1,0,0.0,0.0,True,False,False
hard_negative_extra_field_noise_0183.zip,8,8,False,7.0165,6.8386,False,1,0,340,1,0,0.0,0.0,True,False,False
hard_negative_extra_field_noise_0190.zip,8,8,False,6.7404,6.605,False,1,0,307,1,0,0.0,0.0,True,False,False
hard_negative_extra_field_noise_0191.zip,8,8,False,6.8181,6.7076,False,1,0,321,1,0,0.0,0.0,True,False,False
hard_negative_extra_field_noise_0193.zip,8,8,False,6.9529,6.8238,False,1,0,323,1,0,0.0,0.0,True,False,False
hard_negative_extra_field_noise_0198.zip,8,8,False,7.1193,6.9629,False,1,0,355,1,0,0.0,0.0,True,False,False
hard_negative_extra_field_noise_0199.zip,8,8,False,6.9592,6.7665,False,1,0,377,1,0,0.0,0.0,True,False,False
hard_negative_mismatched_sizes_0002.zip,8,8,False,7.0997,6.9162,False,1,0,376,1,0,0.0,0.0,True,False,False
hard_negative_mismatched_sizes_0003.zip,8,8,False,6.3525,6.1844,False,1,0,254,1,0,0.0,0.0,True,False,False
hard_negative_mismatched_sizes_0007.zip,8,8,False,7.0965,6.9324,False,1,0,366,1,0,0.0,0.0,True,False,False
hard_negative_mismatched_sizes_0008.zip,8,8,False,7.0764,6.8797,False,1,0,367,1,0,0.0,0.0,True,False,False
hard_negative_mismatched_sizes_0009.zip,8,8,False,7.0334,6.8369,False,1,0,357,1,0,0.0,0.0,True,False,False
hard_negative_mismatched_sizes_0010.zip,8,8,False,6.9552,6.791,False,1,0,324,1,0,0.0,0.0,True,False,False
hard_negative_mismatched_sizes_0011.zip,8,8,False,6.9695,6.8161,False,1,0,325,1,0,0.0,0.0,True,False,False
hard_negative_mismatched_sizes_0012.zip,8,8,False,6.9705,6.7452,False,1,0,342,1,0,0.0,0.0,True,False,False
hard_negative_mismatched_sizes_0013.zip,8,8,False,7.0688,6.8919,False,1,0,365,1,0,0.0,0.0,True,False,False
hard_negative_mismatched_sizes_0016.zip,8,8,False,6.3943,6.2749,False,1,0,242,1,0,0.0,0.0,True,False,False
hard_negative_mismatched_sizes_0017.zip,8,8,False,6.9197,6.768,False,1,0,309,1,0,0.0,0.0,True,False,False
hard_negative_mismatched_sizes_0023.zip,8,8,False,6.8716,6.7491,False,1,0,297,1,0,0.0,0.0,True,False,False
hard_negative_mismatched_sizes_0024.zip,8,8,False,7.0157,6.8595,False,1,0,338,1,0,0.0,0.0,True,False,False
hard_negative_mismatched_sizes_0027.zip,8,8,False,6.718,6.59,False,1,0,284,1,0,0.0,0.0,True,False,False
hard_negative_mismatched_sizes_0028.zip,8,8,False,7.156,6.9528,False,1,0,367,1,0,0.0,0.0,True,False,False
hard_negative_mismatched_sizes_0029.zip,8,8,False,6.5743,6.433,False,1,0,275,1,0,0.0,0.0,True,False,False
hard_negative_mismatched_sizes_0030.zip,8,8,False,7.0572,6.8682,False,1,0,377,1,0,0.0,0.0,True,False,False
hard_negative_mismatched_sizes_0031.zip,8,8,False,7.0019,6.8237,False,1,0,354,1,0,0.0,0.0,True,False,False
hard_negative_mismatched_sizes_0033.zip,8,8,False,6.4354,6.3066,False,1,0,248,1,0,0.0,0.0,True,False,False
hard_negative_mismatched_sizes_0034.zip,8,8,False,7.1246,6.9695,False,1,0,372,1,0,0.0,0.0,True,False,False
hard_negative_mismatched_sizes_0040.zip,8,8,False,7.1392,6.9913,False,1,0,360,1,0,0.0,0.0,True,False,False
hard_negative_mismatched_sizes_0042.zip,8,8,False,6.7675,6.6255,False,1,0,285,1,0,0.0,0.0,True,False,False
hard_negative_mismatched_sizes_0043.zip,8,8,False,7.1275,6.9964,False,1,0,345,1,0,0.0,0.0,True,False,False
hard_negative_mismatched_sizes_0044.zip,8,8,False,7.2178,7.0144,False,1,0,395,1,0,0.0,0.0,True,False,False
hard_negative_mismatched_sizes_0046.zip,8,8,False,7.0673,6.9218,False,1,0,337,1,0,0.0,0.0,True,False,False
hard_negative_mismatched_sizes_0047.zip,8,8,False,6.8069,6.6726,False,1,0,305,1,0,0.0,0.0,True,False,False
hard_negative_mismatched_sizes_0049.zip,8,8,False,7.0636,6.9201,False,1,0,330,1,0,0.0,0.0,True,False,False
hard_negative_mismatched_sizes_0050.zip,8,8,False,7.1546,6.9858,False,1,0,386,1,0,0.0,0.0,True,False,False
hard_negative_mismatched_sizes_0051.zip,8,8,False,6.9646,6.8048,False,1,0,344,1,0,0.0,0.0,True,False,False
hard_negative_mismatched_sizes_0059.zip,8,8,False,6.8147,6.6768,False,1,0,280,1,0,0.0,0.0,True,False,False
hard_negative_mismatched_sizes_0060.zip,8,8,False,6.4954,6.3781,False,1,0,247,1,0,0.0,0.0,True,False,False
hard_negative_mismatched_sizes_0064.zip,8,8,False,7.1564,7.0252,False,1,0,392,1,0,0.0,0.0,True,False,False
hard_negative_mismatched_sizes_0065.zip,8,8,False,6.4173,6.2592,False,1,0,251,1,0,0.0,0.0,True,False,False
hard_negative_mismatched_sizes_0066.zip,8,8,False,6.8886,6.7635,False,1,0,303,1,0,0.0,0.0,True,False,False
hard_negative_mismatched_sizes_0068.zip,8,8,False,6.8126,6.6529,False,1,0,306,1,0,0.0,0.0,True,False,False
hard_negative_mismatched_sizes_0069.zip,8,8,False,6.7039,6.585,False,1,0,277,1,0,0.0,0.0,True,False,False
hard_negative_mismatched_sizes_0074.zip,8,8,False,7.1014,6.9338,False,1,0,380,1,0,0.0,0.0,True,False,False
hard_negative_mismatched_sizes_0078.zip,8,8,False,6.8984,6.7605,False,1,0,322,1,0,0.0,0.0,True,False,False
hard_negative_mismatched_sizes_0079.zip,8,8,False,6.9251,6.7252,False,1,0,340,1,0,0.0,0.0,True,False,False
hard_negative_mismatched_sizes_0081.zip,8,8,False,6.8112,6.6658,False,1,0,293,1,0,0.0,0.0,True,False,False
hard_negative_mismatched_sizes_0082.zip,8,8,False,7.2348,7.0913,False,1,0,368,1,0,0.0,0.0,True,False,False
hard_negative_mismatched_sizes_0084.zip,8,8,False,6.9839,6.8245,False,1,0,365,1,0,0.0,0.0,True,False,False
hard_negative_mismatched_sizes_0089.zip,8,8,False,7.0769,6.9028,False,1,0,379,1,0,0.0,0.0,True,False,False
hard_negative_mismatched_sizes_0091.zip,8,8,False,6.6229,6.5028,False,1,0,270,1,0,0.0,0.0,True,False,False
hard_negative_mismatched_sizes_0096.zip,8,8,False,7.0323,6.844,False,1,0,328,1,0,0.0,0.0,True,False,False
hard_negative_mismatched_sizes_0098.zip,8,8,False,6.6246,6.4728,False,1,0,280,1,0,0.0,0.0,True,False,False
hard_negative_mismatched_sizes_0099.zip,8,8,False,7.128,6.9734,False,1,0,367,1,0,0.0,0.0,True,False,False
hard_negative_mismatched_sizes_0101.zip,8,8,False,6.9949,6.839,False,1,0,323,1,0,0.0,0.0,True,False,False
hard_negative_mismatched_sizes_0102.zip,8,8,False,7.0037,6.8221,False,1,0,351,1,0,0.0,0.0,True,False,False
hard_negative_mismatched_sizes_0104.zip,8,8,False,7.0983,6.9518,False,1,0,377,1,0,0.0,0.0,True,False,False
hard_negative_mismatched_sizes_0105.zip,8,8,False,6.8452,6.6621,False,1,0,325,1,0,0.0,0.0,True,False,False
hard_negative_mismatched_sizes_0111.zip,8,8,False,6.9877,6.8185,False,1,0,342,1,0,0.0,0.0,True,False,False
hard_negative_mismatched_sizes_0112.zip,8,8,False,7.0616,6.9003,False,1,0,363,1,0,0.0,0.0,True,False,False
hard_negative_mismatched_sizes_0114.zip,8,8,False,6.5764,6.4449,False,1,0,264,1,0,0.0,0.0,True,False,False
hard_negative_mismatched_sizes_0115.zip,8,8,False,6.8046,6.702,False,1,0,282,1,0,0.0,0.0,True,False,False
hard_negative_mismatched_sizes_0116.zip,8,8,False,6.9116,6.7651,False,1,0,305,1,0,0.0,0.0,True,False,False
hard_negative_mismatched_sizes_0117.zip,8,8,False,7.0242,6.8762,False,1,0,351,1,0,0.0,0.0,True,False,False
hard_negative_mismatched_sizes_0119.zip,8,8,False,6.9493,6.7489,False,1,0,309,1,0,0.0,0.0,True,False,False
hard_negative_mismatched_sizes_0120.zip,8,8,False,6.6649,6.5443,False,1,0,271,1,0,0.0,0.0,True,False,False
hard_negative_mismatched_sizes_0122.zip,8,8,False,6.9047,6.7376,False,1,0,329,1,0,0.0,0.0,True,False,False
hard_negative_mismatched_sizes_0124.zip,8,8,False,6.9928,6.855,False,1,0,312,1,0,0.0,0.0,True,False,False
hard_negative_mismatched_sizes_0125.zip,8,8,False,7.1751,7.0275,False,1,0,363,1,0,0.0,0.0,True,False,False
hard_negative_mismatched_sizes_0126.zip,8,8,False,6.9166,6.7137,False,1,0,326,1,0,0.0,0.0,True,False,False
hard_negative_mismatched_sizes_0129.zip,8,8,False,6.7566,6.6039,False,1,0,285,1,0,0.0,0.0,True,False,False
hard_negative_mismatched_sizes_0130.zip,8,8,False,6.9466,6.7621,False,1,0,377,1,0,0.0,0.0,True,False,False
hard_negative_mismatched_sizes_0132.zip,8,8,False,6.9721,6.8238,False,1,0,319,1,0,0.0,0.0,True,False,False
hard_negative_mismatched_sizes_0133.zip,8,8,False,6.4532,6.3069,False,1,0,253,1,0,0.0,0.0,True,False,False
hard_negative_mismatched_sizes_0136.zip,8,8,False,6.9147,6.7429,False,1,0,321,1,0,0.0,0.0,True,False,False
hard_negative_mismatched_sizes_0140.zip,8,8,False,6.9052,6.7328,False,1,0,321,1,0,0.0,0.0,True,False,False
hard_negative_mismatched_sizes_0146.zip,8,8,False,6.7631,6.6126,False,1,0,283,1,0,0.0,0.0,True,False,False
hard_negative_mismatched_sizes_0148.zip,8,8,False,6.6278,6.4897,False,1,0,270,1,0,0.0,0.0,True,False,False
hard_negative_mismatched_sizes_0149.zip,8,8,False,6.4696,6.3063,False,1,0,254,1,0,0.0,0.0,True,False,False
hard_negative_mismatched_sizes_0150.zip,8,8,False,6.4054,6.2749,False,1,0,244,1,0,0.0,0.0,True,False,False
hard_negative_mismatched_sizes_0151.zip,8,8,False,7.0073,6.8184,False,1,0,337,1,0,0.0,0.0,True,False,False
hard_negative_mismatched_sizes_0152.zip,8,8,False,6.379,6.2229,False,1,0,242,1,0,0.0,0.0,True,False,False
hard_negative_mismatched_sizes_0155.zip,8,8,False,7.1011,6.9121,False,1,0,390,1,0,0.0,0.0,True,False,False
hard_negative_mismatched_sizes_0162.zip,8,8,False,6.4696,6.3537,False,1,0,256,1,0,0.0,0.0,True,False,False
hard_negative_mismatched_sizes_0163.zip,8,8,False,6.7477,6.585,False,1,0,299,1,0,0.0,0.0,True,False,False
hard_negative_mismatched_sizes_0167.zip,8,8,False,7.092,6.971,False,1,0,327,1,0,0.0,0.0,True,False,False
hard_negative_mismatched_sizes_0168.zip,8,8,False,6.5006,6.4044,False,1,0,250,1,0,0.0,0.0,True,False,False
hard_negative_mismatched_sizes_0171.zip,8,8,False,6.9376,6.7498,False,1,0,338,1,0,0.0,0.0,True,False,False
hard_negative_mismatched_sizes_0173.zip,8,8,False,7.2157,7.0466,False,1,0,379,1,0,0.0,0.0,True,False,False
hard_negative_mismatched_sizes_0176.zip,8,8,False,7.0622,6.8952,False,1,0,374,1,0,0.0,0.0,True,False,False
hard_negative_mismatched_sizes_0177.zip,8,8,False,6.826,6.6647,False,1,0,305,1,0,0.0,0.0,True,False,False
hard_negative_mismatched_sizes_0179.zip,8,8,False,7.0299,6.8762,False,1,0,353,1,0,0.0,0.0,True,False,False
hard_negative_mismatched_sizes_0180.zip,8,8,False,6.79,6.6427,False,1,0,307,1,0,0.0,0.0,True,False,False
hard_negative_mismatched_sizes_0182.zip,8,8,False,6.9493,6.7652,False,1,0,352,1,0,0.0,0.0,True,False,False
hard_negative_mismatched_sizes_0187.zip,8,8,False,6.8207,6.7129,False,1,0,293,1,0,0.0,0.0,True,False,False
hard_negative_mismatched_sizes_0188.zip,8,8,False,6.8459,6.7016,False,1,0,311,1,0,0.0,0.0,True,False,False
hard_negative_mismatched_sizes_0194.zip,8,8,False,6.4588,6.3219,False,1,0,250,1,0,0.0,0.0,True,False,False
hard_negative_old_method_code_0000.zip,6,6,False,3.7104,3.3442,False,1,0,1050,1,0,0.0,0.0,True,False,False
hard_negative_old_method_code_0001.zip,6,6,False,3.6978,3.3156,False,1,0,928,1,0,0.0,0.0,True,False,False
hard_negative_old_method_code_0002.zip,6,6,False,3.6658,3.2835,False,1,0,701,1,0,0.0,0.0,True,False,False
hard_negative_old_method_code_0005.zip,6,6,False,3.7439,3.3667,False,1,0,431,1,0,0.0,0.0,True,False,False
hard_negative_old_method_code_0007.zip,6,6,False,3.6946,3.329,False,1,0,944,1,0,0.0,0.0,True,False,False
hard_negative_old_method_code_0011.zip,6,6,False,3.6491,3.2401,False,1,0,623,1,0,0.0,0.0,True,False,False
hard_negative_old_method_code_0013.zip,6,6,False,3.675,3.3049,False,1,0,774,1,0,0.0,0.0,True,False,False
hard_negative_old_method_code_0016.zip,6,6,False,3.6767,3.2853,False,1,0,388,1,0,0.0,0.0,True,False,False
hard_negative_old_method_code_0017.zip,6,6,False,3.6899,3.3057,False,1,0,506,1,0,0.0,0.0,True,False,False
hard_negative_old_method_code_0018.zip,6,6,False,3.6922,3.2941,False,1,0,790,1,0,0.0,0.0,True,False,False
hard_negative_old_method_code_0019.zip,6,6,False,3.6152,3.2124,False,1,0,442,1,0,0.0,0.0,True,False,False
hard_negative_old_method_code_0020.zip,6,6,False,3.6329,3.2281,False,1,0,967,1,0,0.0,0.0,True,False,False
hard_negative_old_method_code_0021.zip,6,6,False,3.7301,3.355,False,1,0,619,1,0,0.0,0.0,True,False,False
hard_negative_old_method_code_0024.zip,6,6,False,3.6722,3.2873,False,1,0,731,1,0,0.0,0.0,True,False,False
hard_negative_old_method_code_0026.zip,6,6,False,3.6692,3.2826,False,1,0,773,1,0,0.0,0.0,True,False,False
hard_negative_old_method_code_0028.zip,6,6,False,3.6156,3.2413,False,1,0,597,1,0,0.0,0.0,True,False,False
hard_negative_old_method_code_0029.zip,6,6,False,3.7563,3.4018,False,1,0,946,1,0,0.0,0.0,True,False,False
hard_negative_old_method_code_0031.zip,6,6,False,3.7549,3.4011,False,1,0,997,1,0,0.0,0.0,True,False,False
hard_negative_old_method_code_0032.zip,6,6,False,3.7437,3.3785,False,1,0,993,1,0,0.0,0.0,True,False,False
hard_negative_old_method_code_0034.zip,6,6,False,3.7214,3.3291,False,1,0,668,1,0,0.0,0.0,True,False,False
hard_negative_old_method_code_0036.zip,6,6,False,3.6939,3.3131,False,1,0,968,1,0,0.0,0.0,True,False,False
hard_negative_old_method_code_0038.zip,6,6,False,3.6348,3.2327,False,1,0,739,1,0,0.0,0.0,True,False,False
hard_negative_old_method_code_0041.zip,6,6,False,3.7372,3.3588,False,1,0,925,1,0,0.0,0.0,True,False,False
hard_negative_old_method_code_0043.zip,6,6,False,3.6777,3.291,False,1,0,914,1,0,0.0,0.0,True,False,False
hard_negative_old_method_code_0044.zip,6,6,False,3.6981,3.3118,False,1,0,821,1,0,0.0,0.0,True,False,False
hard_negative_old_method_code_0045.zip,6,6,False,3.6608,3.3042,False,1,0,497,1,0,0.0,0.0,True,False,False
hard_negative_old_method_code_0047.zip,6,6,False,3.7215,3.3324,False,1,0,804,1,0,0.0,0.0,True,False,False
hard_negative_old_method_code_0048.zip,6,6,False,3.7017,3.3223,False,1,0,993,1,0,0.0,0.0,True,False,False
hard_negative_old_method_code_0050.zip,6,6,False,3.7551,3.3933,False,1,0,959,1,0,0.0,0.0,True,False,False
hard_negative_old_method_code_0052.zip,6,6,False,3.6893,3.3093,False,1,0,906,1,0,0.0,0.0,True,False,False
hard_negative_old_method_code_0053.zip,6,6,False,3.7191,3.3514,False,1,0,804,1,0,0.0,0.0,True,False,False
hard_negative_old_method_code_0056.zip,6,6,False,3.6614,3.2578,False,1,0,598,1,0,0.0,0.0,True,False,False
hard_negative_old_method_code_0057.zip,6,6,False,3.6614,3.2578,False,1,0,710,1,0,0.0,0.0,True,False,False
hard_negative_old_method_code_0060.zip,6,6,False,3.6692,3.2829,False,1,0,986,1,0,0.0,0.0,True,False,False
hard_negative_old_method_code_0061.zip,6,6,False,3.7219,3.3366,False,1,0,546,1,0,0.0,0.0,True,False,False
hard_negative_old_method_code_0062.zip,6,6,False,3.7235,3.3278,False,1,0,1001,1,0,0.0,0.0,True,False,False
hard_negative_old_method_code_0063.zip,6,6,False,3.7052,3.3321,False,1,0,537,1,0,0.0,0.0,True,False,False
hard_negative_old_method_code_0066.zip,6,6,False,3.7263,3.348,False,1,0,789,1,0,0.0,0.0,True,False,False
hard_negative_old_method_code_0070.zip,6,6,False,3.7642,3.3894,False,1,0,967,1,0,0.0,0.0,True,False,False
hard_negative_old_method_code_0072.zip,6,6,False,3.6362,3.2513,False,1,0,556,1,0,0.0,0.0,True,False,False
hard_negative_old_method_code_0074.zip,6,6,False,3.6836,3.3067,False,1,0,754,1,0,0.0,0.0,True,False,False
hard_negative_old_method_code_0076.zip,6,6,False,3.7586,3.4023,False,1,0,492,1,0,0.0,0.0,True,False,False
hard_negative_old_method_code_0077.zip,6,6,False,3.7084,3.3253,False,1,0,829,1,0,0.0,0.0,True,False,False
hard_negative_old_method_code_0081.zip,6,6,False,3.6463,3.2612,False,1,0,958,1,0,0.0,0.0,True,False,False
hard_negative_old_method_code_0082.zip,6,6,False,3.7558,3.3939,False,1,0,820,1,0,0.0,0.0,True,False,False
hard_negative_old_method_code_0083.zip,6,6,False,3.7459,3.3628,False,1,0,766,1,0,0.0,0.0,True,False,False
hard_negative_old_method_code_0084.zip,6,6,False,3.6897,3.2997,False,1,0,716,1,0,0.0,0.0,True,False,False
hard_negative_old_method_code_0085.zip,6,6,False,3.6932,3.3234,False,1,0,612,1,0,0.0,0.0,True,False,False
hard_negative_old_method_code_0087.zip,6,6,False,3.749,3.3734,False,1,0,1002,1,0,0.0,0.0,True,False,False
hard_negative_old_method_code_0089.zip,6,6,False,3.6963,3.3228,False,1,0,489,1,0,0.0,0.0,True,False,False
hard_negative_old_method_code_0091.zip,6,6,False,3.6363,3.2479,False,1,0,747,1,0,0.0,0.0,True,False,False
hard_negative_old_method_code_0092.zip,6,6,False,3.6952,3.3038,False,1,0,843,1,0,0.0,0.0,True,False,False
hard_negative_old_method_code_0093.zip,6,6,False,3.7281,3.3542,False,1,0,740,1,0,0.0,0.0,True,False,False
hard_negative_old_method_code_0094.zip,6,6,False,3.6663,3.2708,False,1,0,916,1,0,0.0,0.0,True,False,False
hard_negative_old_method_code_0095.zip,6,6,False,3.7475,3.3767,False,1,0,958,1,0,0.0,0.0,True,False,False
hard_negative_old_method_code_0097.zip,6,6,False,3.7523,3.3848,False,1,0,659,1,0,0.0,0.0,True,False,False
hard_negative_old_method_code_0103.zip,6,6,False,3.7073,3.3522,False,1,0,477,1,0,0.0,0.0,True,False,False
hard_negative_old_method_code_0106.zip,6,6,False,3.6761,3.3152,False,1,0,552,1,0,0.0,0.0,True,False,False
hard_negative_old_method_code_0107.zip,6,6,False,3.7241,3.3499,False,1,0,922,1,0,0.0,0.0,True,False,False
hard_negative_old_method_code_0108.zip,6,6,False,3.6984,3.3257,False,1,0,959,1,0,0.0,0.0,True,False,False
hard_negative_old_method_code_0109.zip,6,6,False,3.651,3.2575,False,1,0,715,1,0,0.0,0.0,True,False,False
hard_negative_old_method_code_0110.zip,6,6,False,3.6959,3.3151,False,1,0,611,1,0,0.0,0.0,True,False,False
hard_negative_old_method_code_0116.zip,6,6,False,3.5947,3.2307,False,1,0,593,1,0,0.0,0.0,True,False,False
hard_negative_old_method_code_0118.zip,6,6,False,3.6952,3.3098,False,1,0,1040,1,0,0.0,0.0,True,False,False
hard_negative_old_method_code_0119.zip,6,6,False,3.7316,3.3515,False,1,0,699,1,0,0.0,0.0,True,False,False
hard_negative_old_method_code_0124.zip,6,6,False,3.706,3.3097,False,1,0,967,1,0,0.0,0.0,True,False,False
hard_negative_old_method_code_0127.zip,6,6,False,3.6707,3.2872,False,1,0,426,1,0,0.0,0.0,True,False,False
hard_negative_old_method_code_0128.zip,6,6,False,3.6903,3.3336,False,1,0,683,1,0,0.0,0.0,True,False,False
hard_negative_old_method_code_0129.zip,6,6,False,3.7014,3.3148,False,1,0,721,1,0,0.0,0.0,True,False,False
hard_negative_old_method_code_0130.zip,6,6,False,3.7381,3.3713,False,1,0,551,1,0,0.0,0.0,True,False,False
hard_negative_old_method_code_0131.zip,6,6,False,3.6481,3.2659,False,1,0,564,1,0,0.0,0.0,True,False,False
hard_negative_old_method_code_0132.zip,6,6,False,3.6777,3.3151,False,1,0,913,1,0,0.0,0.0,True,False,False
hard_negative_old_method_code_0133.zip,6,6,False,3.6423,3.2672,False,1,0,764,1,0,0.0,0.0,True,False,False
hard_negative_old_method_code_0135.zip,6,6,False,3.6621,3.2902,False,1,0,633,1,0,0.0,0.0,True,False,False
hard_negative_old_method_code_0137.zip,6,6,False,3.6641,3.2777,False,1,0,398,1,0,0.0,0.0,True,False,False
hard_negative_old_method_code_0143.zip,6,6,False,3.6761,3.2942,False,1,0,978,1,0,0.0,0.0,True,False,False
hard_negative_old_method_code_0145.zip,6,6,False,3.7046,3.3429,False,1,0,529,1,0,0.0,0.0,True,False,False
hard_negative_old_method_code_0147.zip,6,6,False,3.7143,3.357,False,1,0,388,1,0,0.0,0.0,True,False,False
hard_negative_old_method_code_0151.zip,6,6,False,3.5911,3.2235,False,1,0,374,1,0,0.0,0.0,True,False,False
hard_negative_old_method_code_0155.zip,6,6,False,3.6593,3.2596,False,1,0,1055,1,0,0.0,0.0,True,False,False
hard_negative_old_method_code_0156.zip,6,6,False,3.6896,3.2801,False,1,0,722,1,0,0.0,0.0,True,False,False
hard_negative_old_method_code_0157.zip,6,6,False,3.696,3.3205,False,1,0,797,1,0,0.0,0.0,True,False,False
hard_negative_old_method_code_0158.zip,6,6,False,3.683,3.2973,False,1,0,864,1,0,0.0,0.0,True,False,False
hard_negative_old_method_code_0159.zip,6,6,False,3.683,3.2982,False,1,0,804,1,0,0.0,0.0,True,False,False
hard_negative_old_method_code_0161.zip,6,6,False,3.6964,3.3074,False,1,0,959,1,0,0.0,0.0,True,False,False
hard_negative_old_method_code_0163.zip,6,6,False,3.6552,3.2506,False,1,0,588,1,0,0.0,0.0,True,False,False
hard_negative_old_method_code_0164.zip,6,6,False,3.6983,3.3274,False,1,0,718,1,0,0.0,0.0,True,False,False
hard_negative_old_method_code_0165.zip,6,6,False,3.7397,3.3725,False,1,0,427,1,0,0.0,0.0,True,False,False
hard_negative_old_method_code_0166.zip,6,6,False,3.7353,3.3825,False,1,0,636,1,0,0.0,0.0,True,False,False
hard_negative_old_method_code_0170.zip,6,6,False,3.7187,3.3322,False,1,0,1049,1,0,0.0,0.0,True,False,False
hard_negative_old_method_code_0172.zip,6,6,False,3.7068,3.3759,False,1,0,379,1,0,0.0,0.0,True,False,False
hard_negative_old_method_code_0175.zip,6,6,False,3.6737,3.292,False,1,0,521,1,0,0.0,0.0,True,False,False
hard_negative_old_method_code_0179.zip,6,6,False,3.7862,3.4175,False,1,0,380,1,0,0.0,0.0,True,False,False
hard_negative_old_method_code_0182.zip,6,6,False,3.6482,3.2498,False,1,0,852,1,0,0.0,0.0,True,False,False
hard_negative_old_method_code_0183.zip,6,6,False,3.6835,3.3109,False,1,0,640,1,0,0.0,0.0,True,False,False
hard_negative_old_method_code_0185.zip,6,6,False,3.6883,3.3038,False,1,0,741,1,0,0.0,0.0,True,False,False
hard_negative_old_method_code_0186.zip,6,6,False,3.724,3.3494,False,1,0,628,1,0,0.0,0.0,True,False,False
hard_negative_old_method_code_0187.zip,6,6,False,3.7179,3.3393,False,1,0,1017,1,0,0.0,0.0,True,False,False
hard_negative_old_method_code_0188.zip,6,6,False,3.6802,3.3082,False,1,0,452,1,0,0.0,0.0,True,False,False
hard_negative_old_method_code_0189.zip,6,6,False,3.7078,3.3197,False,1,0,990,1,0,0.0,0.0,True,False,False
hard_negative_old_method_code_0192.zip,6,6,False,3.5521,3.1293,False,1,0,634,1,0,0.0,0.0,True,False,False
hard_negative_old_method_code_0197.zip,6,6,False,3.7378,3.3741,False,1,0,632,1,0,0.0,0.0,True,False,False
hard_negative_old_method_code_0198.zip,6,6,False,3.6939,3.314,False,1,0,864,1,0,0.0,0.0,True,False,False
hard_negative_unusual_version_0000.zip,8,8,False,6.6588,6.5151,False,1,0,282,1,0,0.0,0.0,True,False,False
hard_negative_unusual_version_0004.zip,8,8,False,7.0288,6.8536,False,1,0,346,1,0,0.0,0.0,True,False,False
hard_negative_unusual_version_0006.zip,8,8,False,6.9502,6.7618,False,1,0,346,1,0,0.0,0.0,True,False,False
hard_negative_unusual_version_0007.zip,8,8,False,6.7018,6.5585,False,1,0,293,1,0,0.0,0.0,True,False,False
hard_negative_unusual_version_0009.zip,8,8,False,6.721,6.5717,False,1,0,273,1,0,0.0,0.0,True,False,False
hard_negative_unusual_version_0015.zip,8,8,False,6.6863,6.5732,False,1,0,270,1,0,0.0,0.0,True,False,False
hard_negative_unusual_version_0016.zip,8,8,False,6.7857,6.6463,False,1,0,294,1,0,0.0,0.0,True,False,False
hard_negative_unusual_version_0018.zip,8,8,False,6.7955,6.6891,False,1,0,291,1,0,0.0,0.0,True,False,False
hard_negative_unusual_version_0020.zip,8,8,False,6.4537,6.3229,False,1,0,249,1,0,0.0,0.0,True,False,False
hard_negative_unusual_version_0022.zip,8,8,False,7.0548,6.8693,False,1,0,357,1,0,0.0,0.0,True,False,False
hard_negative_unusual_version_0025.zip,8,8,False,6.84,6.6792,False,1,0,302,1,0,0.0,0.0,True,False,False
hard_negative_unusual_version_0028.zip,8,8,False,6.9705,6.7908,False,1,0,339,1,0,0.0,0.0,True,False,False
hard_negative_unusual_version_0033.zip,8,8,False,6.993,6.817,False,1,0,357,1,0,0.0,0.0,True,False,False
hard_negative_unusual_version_0035.zip,8,8,False,6.8703,6.708,False,1,0,326,1,0,0.0,0.0,True,False,False
hard_negative_unusual_version_0036.zip,8,8,False,6.798,6.6806,False,1,0,295,1,0,0.0,0.0,True,False,False
hard_negative_unusual_version_0037.zip,8,8,False,7.0415,6.8673,False,1,0,365,1,0,0.0,0.0,True,False,False
hard_negative_unusual_version_0038.zip,8,8,False,6.5058,6.3457,False,1,0,263,1,0,0.0,0.0,True,False,False
hard_negative_unusual_version_0039.zip,8,8,False,6.8963,6.7395,False,1,0,314,1,0,0.0,0.0,True,False,False
hard_negative_unusual_version_0042.zip,8,8,False,6.7772,6.6126,False,1,0,299,1,0,0.0,0.0,True,False,False
hard_negative_unusual_version_0043.zip,8,8,False,6.4703,6.3443,False,1,0,262,1,0,0.0,0.0,True,False,False
hard_negative_unusual_version_0049.zip,8,8,False,7.1712,7.039,False,1,0,372,1,0,0.0,0.0,True,False,False
hard_negative_unusual_version_0051.zip,8,8,False,6.5676,6.4158,False,1,0,263,1,0,0.0,0.0,True,False,False
hard_negative_unusual_version_0053.zip,8,8,False,6.6965,6.5264,False,1,0,288,1,0,0.0,0.0,True,False,False
hard_negative_unusual_version_0055.zip,8,8,False,7.0515,6.8677,False,1,0,354,1,0,0.0,0.0,True,False,False
hard_negative_unusual_version_0057.zip,8,8,False,6.4346,6.2916,False,1,0,254,1,0,0.0,0.0,True,False,False
hard_negative_unusual_version_0058.zip,8,8,False,6.5037,6.3892,False,1,0,243,1,0,0.0,0.0,True,False,False
hard_negative_unusual_version_0059.zip,8,8,False,6.4685,6.3399,False,1,0,249,1,0,0.0,0.0,True,False,False
hard_negative_unusual_version_0061.zip,8,8,False,7.0349,6.8495,False,1,0,357,1,0,0.0,0.0,True,False,False
hard_negative_unusual_version_0063.zip,8,8,False,6.4164,6.2575,False,1,0,250,1,0,0.0,0.0,True,False,False
hard_negative_unusual_version_0068.zip,8,8,False,6.5307,6.4032,False,1,0,265,1,0,0.0,0.0,True,False,False
hard_negative_unusual_version_0069.zip,8,8,False,6.818,6.6937,False,1,0,314,1,0,0.0,0.0,True,False,False
hard_negative_unusual_version_0071.zip,8,8,False,6.3325,6.2111,False,1,0,236,1,0,0.0,0.0,True,False,False
hard_negative_unusual_version_0072.zip,8,8,False,6.753,6.6418,False,1,0,290,1,0,0.0,0.0,True,False,False
hard_negative_unusual_version_0073.zip,8,8,False,6.9054,6.7872,False,1,0,320,1,0,0.0,0.0,True,False,False
hard_negative_unusual_version_0075.zip,8,8,False,6.9991,6.8565,False,1,0,315,1,0,0.0,0.0,True,False,False
hard_negative_unusual_version_0077.zip,8,8,False,7.0826,6.8746,False,1,0,354,1,0,0.0,0.0,True,False,False
hard_negative_unusual_version_0079.zip,8,8,False,6.565,6.449,False,1,0,256,1,0,0.0,0.0,True,False,False
hard_negative_unusual_version_0080.zip,8,8,False,6.7132,6.5856,False,1,0,279,1,0,0.0,0.0,True,False,False
hard_negative_unusual_version_0083.zip,8,8,False,7.0995,6.9503,False,1,0,323,1,0,0.0,0.0,True,False,False
hard_negative_unusual_version_0086.zip,8,8,False,7.145,6.9662,False,1,0,378,1,0,0.0,0.0,True,False,False
hard_negative_unusual_version_0090.zip,8,8,False,7.0868,6.9539,False,1,0,361,1,0,0.0,0.0,True,False,False
hard_negative_unusual_version_0093.zip,8,8,False,6.8707,6.7189,False,1,0,313,1,0,0.0,0.0,True,False,False
hard_negative_unusual_version_0096.zip,8,8,False,6.8517,6.7145,False,1,0,295,1,0,0.0,0.0,True,False,False
hard_negative_unusual_version_0097.zip,8,8,False,6.8398,6.7055,False,1,0,311,1,0,0.0,0.0,True,False,False
hard_negative_unusual_version_0098.zip,8,8,False,7.2468,7.1091,False,1,0,384,1,0,0.0,0.0,True,False,False
hard_negative_unusual_version_0099.zip,8,8,False,6.7904,6.638,False,1,0,306,1,0,0.0,0.0,True,False,False
hard_negative_unusual_version_0100.zip,8,8,False,7.0125,6.8772,False,1,0,316,1,0,0.0,0.0,True,False,False
hard_negative_unusual_version_0105.zip,8,8,False,7.004,6.8437,False,1,0,345,1,0,0.0,0.0,True,False,False
hard_negative_unusual_version_0108.zip,8,8,False,6.3368,6.2055,False,1,0,241,1,0,0.0,0.0,True,False,False
hard_negative_unusual_version_0109.zip,8,8,False,6.6894,6.5394,False,1,0,289,1,0,0.0,0.0,True,False,False
hard_negative_unusual_version_0111.zip,8,8,False,6.5351,6.4185,False,1,0,254,1,0,0.0,0.0,True,False,False
hard_negative_unusual_version_0112.zip,8,8,False,6.8752,6.7116,False,1,0,303,1,0,0.0,0.0,True,False,False
hard_negative_unusual_version_0114.zip,8,8,False,7.139,6.9513,False,1,0,379,1,0,0.0,0.0,True,False,False
hard_negative_unusual_version_0118.zip,8,8,False,7.1827,7.039,False,1,0,372,1,0,0.0,0.0,True,False,False
hard_negative_unusual_version_0119.zip,8,8,False,6.9521,6.8047,False,1,0,351,1,0,0.0,0.0,True,False,False
hard_negative_unusual_version_0120.zip,8,8,False,6.9414,6.8054,False,1,0,320,1,0,0.0,0.0,True,False,False
hard_negative_unusual_version_0121.zip,8,8,False,7.0907,6.9468,False,1,0,331,1,0,0.0,0.0,True,False,False
hard_negative_unusual_version_0122.zip,8,8,False,6.6065,6.4553,False,1,0,281,1,0,0.0,0.0,True,False,False
hard_negative_unusual_version_0123.zip,8,8,False,6.7926,6.6756,False,1,0,286,1,0,0.0,0.0,True,False,False
hard_negative_unusual_version_0125.zip,8,8,False,7.0488,6.8714,False,1,0,360,1,0,0.0,0.0,True,False,False
hard_negative_unusual_version_0126.zip,8,8,False,7.1924,7.0511,False,1,0,360,1,0,0.0,0.0,True,False,False
hard_negative_unusual_version_0127.zip,8,8,False,6.6087,6.4741,False,1,0,264,1,0,0.0,0.0,True,False,False
hard_negative_unusual_version_0134.zip,8,8,False,6.5449,6.4213,False,1,0,269,1,0,0.0,0.0,True,False,False
hard_negative_unusual_version_0135.zip,8,8,False,7.0252,6.8717,False,1,0,341,1,0,0.0,0.0,True,False,False
hard_negative_unusual_version_0136.zip,8,8,False,7.0083,6.8818,False,1,0,334,1,0,0.0,0.0,True,False,False
hard_negative_unusual_version_0138.zip,8,8,False,6.6119,6.5068,False,1,0,261,1,0,0.0,0.0,True,False,False
hard_negative_unusual_version_0139.zip,8,8,False,7.0489,6.8928,False,1,0,353,1,0,0.0,0.0,True,False,False
hard_negative_unusual_version_0140.zip,8,8,False,6.9606,6.7764,False,1,0,344,1,0,0.0,0.0,True,False,False
hard_negative_unusual_version_0143.zip,8,8,False,6.7086,6.5741,False,1,0,290,1,0,0.0,0.0,True,False,False
hard_negative_unusual_version_0144.zip,8,8,False,6.6653,6.5135,False,1,0,281,1,0,0.0,0.0,True,False,False
hard_negative_unusual_version_0146.zip,8,8,False,6.7887,6.6573,False,1,0,294,1,0,0.0,0.0,True,False,False
hard_negative_unusual_version_0148.zip,8,8,False,6.9609,6.798,False,1,0,336,1,0,0.0,0.0,True,False,False
hard_negative_unusual_version_0150.zip,8,8,False,7.0758,6.8705,False,1,0,377,1,0,0.0,0.0,True,False,False
hard_negative_unusual_version_0151.zip,8,8,False,6.7545,6.5678,False,1,0,286,1,0,0.0,0.0,True,False,False
hard_negative_unusual_version_0155.zip,8,8,False,6.5903,6.4627,False,1,0,258,1,0,0.0,0.0,True,False,False
hard_negative_unusual_version_0156.zip,8,8,False,7.1001,6.9159,False,1,0,389,1,0,0.0,0.0,True,False,False
hard_negative_unusual_version_0158.zip,8,8,False,6.7847,6.6537,False,1,0,299,1,0,0.0,0.0,True,False,False
hard_negative_unusual_version_0159.zip,8,8,False,6.3439,6.2363,False,1,0,234,1,0,0.0,0.0,True,False,False
hard_negative_unusual_version_0163.zip,8,8,False,6.4556,6.3242,False,1,0,257,1,0,0.0,0.0,True,False,False
hard_negative_unusual_version_0166.zip,8,8,False,7.1129,6.9554,False,1,0,352,1,0,0.0,0.0,True,False,False
hard_negative_unusual_version_0171.zip,8,8,False,7.1644,7.0368,False,1,0,374,1,0,0.0,0.0,True,False,False
hard_negative_unusual_version_0173.zip,8,8,False,6.8251,6.6972,False,1,0,300,1,0,0.0,0.0,True,False,False
hard_negative_unusual_version_0174.zip,8,8,False,6.4142,6.3095,False,1,0,237,1,0,0.0,0.0,True,False,False
hard_negative_unusual_version_0178.zip,8,8,False,6.3518,6.2224,False,1,0,244,1,0,0.0,0.0,True,False,False
hard_negative_unusual_version_0180.zip,8,8,False,6.8891,6.7728,False,1,0,294,1,0,0.0,0.0,True,False,False
hard_negative_unusual_version_0184.zip,8,8,False,6.7147,6.6353,False,1,0,262,1,0,0.0,0.0,True,False,False
hard_negative_unusual_version_0185.zip,8,8,False,6.9721,6.802,False,1,0,343,1,0,0.0,0.0,True,False,False
hard_negative_unusual_version_0186.zip,8,8,False,6.6849,6.5333,False,1,0,277,1,0,0.0,0.0,True,False,False
hard_negative_unusual_version_0189.zip,8,8,False,7.0125,6.8429,False,1,0,357,1,0,0.0,0.0,True,False,False
hard_negative_unusual_version_0190.zip,8,8,False,6.3212,6.2082,False,1,0,248,1,0,0.0,0.0,True,False,False
hard_negative_unusual_version_0195.zip,8,8,False,7.0628,6.9286,False,1,0,342,1,0,0.0,0.0,True,False,False
hard_negative_unusual_version_0196.zip,8,8,False,6.7389,6.5886,False,1,0,292,1,0,0.0,0.0,True,False,False
hard_negative_unusual_version_0197.zip,8,8,False,6.7551,6.6171,False,1,0,296,1,0,0.0,0.0,True,False,False
hard_negative_unusual_version_0199.zip,8,8,False,6.909,6.7486,False,1,0,326,1,0,0.0,0.0,True,False,False
hard_negative_zero_crc_stored_0001.zip,0,0,False,3.6744,3.304,False,1,0,844,1,0,0.0,0.0,False,True,False
hard_negative_zero_crc_stored_0003.zip,0,0,False,3.6873,3.2934,False,1,0,997,1,0,0.0,0.0,False,True,False
hard_negative_zero_crc_stored_0004.zip,0,0,False,3.6869,3.309,False,1,0,738,1,0,0.0,0.0,False,True,False
hard_negative_zero_crc_stored_0005.zip,0,0,False,3.6914,3.3075,False,1,0,537,1,0,0.0,0.0,False,True,False
hard_negative_zero_crc_stored_0018.zip,0,0,False,3.7221,3.3417,False,1,0,862,1,0,0.0,0.0,False,True,False
hard_negative_zero_crc_stored_0023.zip,0,0,False,3.7207,3.3611,False,1,0,371,1,0,0.0,0.0,False,True,False
hard_negative_zero_crc_stored_0024.zip,0,0,False,3.676,3.2891,False,1,0,761,1,0,0.0,0.0,False,True,False
hard_negative_zero_crc_stored_0026.zip,0,0,False,3.6996,3.3193,False,1,0,807,1,0,0.0,0.0,False,True,False
hard_negative_zero_crc_stored_0027.zip,0,0,False,3.7247,3.3741,False,1,0,451,1,0,0.0,0.0,False,True,False
hard_negative_zero_crc_stored_0030.zip,0,0,False,3.6547,3.2591,False,1,0,783,1,0,0.0,0.0,False,True,False
hard_negative_zero_crc_stored_0032.zip,0,0,False,3.6485,3.2618,False,1,0,707,1,0,0.0,0.0,False,True,False
hard_negative_zero_crc_stored_0033.zip,0,0,False,3.6918,3.3274,False,1,0,769,1,0,0.0,0.0,False,True,False
hard_negative_zero_crc_stored_0037.zip,0,0,False,3.6693,3.2873,False,1,0,980,1,0,0.0,0.0,False,True,False
hard_negative_zero_crc_stored_0038.zip,0,0,False,3.7273,3.3669,False,1,0,1018,1,0,0.0,0.0,False,True,False
hard_negative_zero_crc_stored_0046.zip,0,0,False,3.6954,3.3188,False,1,0,990,1,0,0.0,0.0,False,True,False
hard_negative_zero_crc_stored_0049.zip,0,0,False,3.666,3.2909,False,1,0,652,1,0,0.0,0.0,False,True,False
hard_negative_zero_crc_stored_0053.zip,0,0,False,3.7417,3.3857,False,1,0,1050,1,0,0.0,0.0,False,True,False
hard_negative_zero_crc_stored_0054.zip,0,0,False,3.7042,3.3201,False,1,0,909,1,0,0.0,0.0,False,True,False
hard_negative_zero_crc_stored_0055.zip,0,0,False,3.7048,3.3224,False,1,0,870,1,0,0.0,0.0,False,True,False
hard_negative_zero_crc_stored_0056.zip,0,0,False,3.6585,3.2622,False,1,0,723,1,0,0.0,0.0,False,True,False
hard_negative_zero_crc_stored_0060.zip,0,0,False,3.7012,3.3086,False,1,0,701,1,0,0.0,0.0,False,True,False
hard_negative_zero_crc_stored_0061.zip,0,0,False,3.7527,3.373,False,1,0,1050,1,0,0.0,0.0,False,True,False
hard_negative_zero_crc_stored_0062.zip,0,0,False,3.7119,3.3358,False,1,0,998,1,0,0.0,0.0,False,True,False
hard_negative_zero_crc_stored_0064.zip,0,0,False,3.7094,3.3136,False,1,0,971,1,0,0.0,0.0,False,True,False
hard_negative_zero_crc_stored_0065.zip,0,0,False,3.6428,3.2721,False,1,0,636,1,0,0.0,0.0,False,True,False
hard_negative_zero_crc_stored_0067.zip,0,0,False,3.7177,3.3508,False,1,0,763,1,0,0.0,0.0,False,True,False
hard_negative_zero_crc_stored_0070.zip,0,0,False,3.7565,3.3971,False,1,0,560,1,0,0.0,0.0,False,True,False
hard_negative_zero_crc_stored_0072.zip,0,0,False,3.6879,3.2998,False,1,0,683,1,0,0.0,0.0,False,True,False
hard_negative_zero_crc_stored_0073.zip,0,0,False,3.7204,3.3352,False,1,0,1080,1,0,0.0,0.0,False,True,False
hard_negative_zero_crc_stored_0075.zip,0,0,False,3.6983,3.3176,False,1,0,428,1,0,0.0,0.0,False,True,False
hard_negative_zero_crc_stored_0076.zip,0,0,False,3.7395,3.386,False,1,0,725,1,0,0.0,0.0,False,True,False
hard_negative_zero_crc_stored_0077.zip,0,0,False,3.682,3.3065,False,1,0,1031,1,0,0.0,0.0,False,True,False
hard_negative_zero_crc_stored_0078.zip,0,0,False,3.7908,3.4489,False,1,0,551,1,0,0.0,0.0,False,True,False
hard_negative_zero_crc_stored_0092.zip,0,0,False,3.6955,3.3121,False,1,0,663,1,0,0.0,0.0,False,True,False
hard_negative_zero_crc_stored_0094.zip,0,0,False,3.5879,3.1861,False,1,0,540,1,0,0.0,0.0,False,True,False
hard_negative_zero_crc_stored_0098.zip,0,0,False,3.6757,3.2963,False,1,0,497,1,0,0.0,0.0,False,True,False
hard_negative_zero_crc_stored_0100.zip,0,0,False,3.6691,3.307,False,1,0,637,1,0,0.0,0.0,False,True,False
hard_negative_zero_crc_stored_0101.zip,0,0,False,3.6738,3.2723,False,1,0,798,1,0,0.0,0.0,False,True,False
hard_negative_zero_crc_stored_0104.zip,0,0,False,3.6903,3.3189,False,1,0,930,1,0,0.0,0.0,False,True,False
hard_negative_zero_crc_stored_0107.zip,0,0,False,3.7543,3.3812,False,1,0,811,1,0,0.0,0.0,False,True,False
hard_negative_zero_crc_stored_0109.zip,0,0,False,3.6709,3.2924,False,1,0,1024,1,0,0.0,0.0,False,True,False
hard_negative_zero_crc_stored_0110.zip,0,0,False,3.7462,3.373,False,1,0,883,1,0,0.0,0.0,False,True,False
hard_negative_zero_crc_stored_0113.zip,0,0,False,3.7339,3.3839,False,1,0,880,1,0,0.0,0.0,False,True,False
hard_negative_zero_crc_stored_0115.zip,0,0,False,3.6448,3.2571,False,1,0,602,1,0,0.0,0.0,False,True,False
hard_negative_zero_crc_stored_0118.zip,0,0,False,3.6943,3.326,False,1,0,674,1,0,0.0,0.0,False,True,False
hard_negative_zero_crc_stored_0121.zip,0,0,False,3.6938,3.3049,False,1,0,1012,1,0,0.0,0.0,False,True,False
hard_negative_zero_crc_stored_0122.zip,0,0,False,3.7092,3.3213,False,1,0,800,1,0,0.0,0.0,False,True,False
hard_negative_zero_crc_stored_0126.zip,0,0,False,3.7002,3.3206,False,1,0,670,1,0,0.0,0.0,False,True,False
hard_negative_zero_crc_stored_0128.zip,0,0,False,3.7322,3.357,False,1,0,579,1,0,0.0,0.0,False,True,False
hard_negative_zero_crc_stored_0130.zip,0,0,False,3.7035,3.3332,False,1,0,554,1,0,0.0,0.0,False,True,False
hard_negative_zero_crc_stored_0131.zip,0,0,False,3.6762,3.2819,False,1,0,921,1,0,0.0,0.0,False,True,False
hard_negative_zero_crc_stored_0132.zip,0,0,False,3.6668,3.3182,False,1,0,395,1,0,0.0,0.0,False,True,False
hard_negative_zero_crc_stored_0137.zip,0,0,False,3.7193,3.3479,False,1,0,672,1,0,0.0,0.0,False,True,False
hard_negative_zero_crc_stored_0138.zip,0,0,False,3.7071,3.3386,False,1,0,622,1,0,0.0,0.0,False,True,False
hard_negative_zero_crc_stored_0141.zip,0,0,False,3.6504,3.267,False,1,0,431,1,0,0.0,0.0,False,True,False
hard_negative_zero_crc_stored_0142.zip,0,0,False,3.6859,3.2938,False,1,0,768,1,0,0.0,0.0,False,True,False
hard_negative_zero_crc_stored_0145.zip,0,0,False,3.7237,3.3424,False,1,0,706,1,0,0.0,0.0,False,True,False
hard_negative_zero_crc_stored_0146.zip,0,0,False,3.7328,3.3762,False,1,0,870,1,0,0.0,0.0,False,True,False
hard_negative_zero_crc_stored_0149.zip,0,0,False,3.6688,3.2836,False,1,0,460,1,0,0.0,0.0,False,True,False
hard_negative_zero_crc_stored_0152.zip,0,0,False,3.6962,3.3121,False,1,0,482,1,0,0.0,0.0,False,True,False
hard_negative_zero_crc_stored_0153.zip,0,0,False,3.7089,3.3292,False,1,0,1023,1,0,0.0,0.0,False,True,False
hard_negative_zero_crc_stored_0154.zip,0,0,False,3.6732,3.2887,False,1,0,1034,1,0,0.0,0.0,False,True,False
hard_negative_zero_crc_stored_0157.zip,0,0,False,3.6826,3.2909,False,1,0,901,1,0,0.0,0.0,False,True,False
hard_negative_zero_crc_stored_0160.zip,0,0,False,3.668,3.2743,False,1,0,465,1,0,0.0,0.0,False,True,False
hard_negative_zero_crc_stored_0161.zip,0,0,False,3.7064,3.3503,False,1,0,734,1,0,0.0,0.0,False,True,False
hard_negative_zero_crc_stored_0162.zip,0,0,False,3.7395,3.3665,False,1,0,1041,1,0,0.0,0.0,False,True,False
hard_negative_zero_crc_stored_0164.zip,0,0,False,3.7547,3.3846,False,1,0,489,1,0,0.0,0.0,False,True,False
hard_negative_zero_crc_stored_0168.zip,0,0,False,3.72,3.3344,False,1,0,1081,1,0,0.0,0.0,False,True,False
hard_negative_zero_crc_stored_0169.zip,0,0,False,3.6432,3.2697,False,1,0,591,1,0,0.0,0.0,False,True,False
hard_negative_zero_crc_stored_0170.zip,0,0,False,3.744,3.366,False,1,0,684,1,0,0.0,0.0,False,True,False
hard_negative_zero_crc_stored_0172.zip,0,0,False,3.726,3.3435,False,1,0,999,1,0,0.0,0.0,False,True,False
hard_negative_zero_crc_stored_0174.zip,0,0,False,3.6967,3.3121,False,1,0,464,1,0,0.0,0.0,False,True,False
hard_negative_zero_crc_stored_0175.zip,0,0,False,3.739,3.3746,False,1,0,590,1,0,0.0,0.0,False,True,False
hard_negative_zero_crc_stored_0176.zip,0,0,False,3.7092,3.3175,False,1,0,437,1,0,0.0,0.0,False,True,False
hard_negative_zero_crc_stored_0178.zip,0,0,False,3.7077,3.3409,False,1,0,890,1,0,0.0,0.0,False,True,False
hard_negative_zero_crc_stored_0180.zip,0,0,False,3.6656,3.292,False,1,0,899,1,0,0.0,0.0,False,True,False
hard_negative_zero_crc_stored_0181.zip,0,0,False,3.693,3.3165,False,1,0,808,1,0,0.0,0.0,False,True,False
hard_negative_zero_crc_stored_0184.zip,0,0,False,3.7228,3.3696,False,1,0,462,1,0,0.0,0.0,False,True,False
hard_negative_zero_crc_stored_0187.zip,0,0,False,3.7326,3.3544,False,1,0,489,1,0,0.0,0.0,False,True,False
hard_negative_zero_crc_stored_0188.zip,0,0,False,3.6813,3.3009,False,1,0,746,1,0,0.0,0.0,False,True,False
hard_negative_zero_crc_stored_0189.zip,0,0,False,3.7188,3.3358,False,1,0,1070,1,0,0.0,0.0,False,True,False
hard_negative_zero_crc_stored_0191.zip,0,0,False,3.7413,3.3594,False,1,0,695,1,0,0.0,0.0,False,True,False
hard_negative_zero_crc_stored_0192.zip,0,0,False,3.6566,3.2615,False,1,0,1014,1,0,0.0,0.0,False,True,False
hard_negative_zero_crc_stored_0193.zip,0,0,False,3.6855,3.2873,False,1,0,735,1,0,0.0,0.0,False,True,False
hard_negative_zero_crc_stored_0194.zip,0,0,False,3.7308,3.3544,False,1,0,731,1,0,0.0,0.0,False,True,False
hard_negative_zero_crc_stored_0195.zip,0,0,False,3.7051,3.3484,False,1,0,475,1,0,0.0,0.0,False,True,False
hard_negative_zero_crc_stored_0196.zip,0,0,False,3.7226,3.3432,False,1,0,1052,1,0,0.0,0.0,False,True,False
hard_negative_zero_crc_stored_0198.zip,0,0,False,3.6563,3.2652,False,1,0,690,1,0,0.0,0.0,False,True,False
hard_negative_zero_crc_stored_0199.zip,0,0,False,3.6537,3.2635,False,1,0,1037,1,0,0.0,0.0,False,True,False
hard_negatives_fp_corpus/eclipse_431_sdk_win64.zip,0,0,False,7.9999,-0.0,True,1,0,293573942,2040,290,0.1422,11.7787,False,True,False
hard_negatives_fp_corpus/gradle_764_bin.zip,8,8,False,7.9996,1.0,False,1,0,122701480,267,20,0.0749,3.3337,True,True,False
hard_negatives_fp_corpus/gradle_86_bin.zip,8,8,False,7.9997,1.0,False,1,0,132788867,285,16,0.0561,3.0856,True,False,False
hard_negatives_fp_corpus/gradle_87_bin.zip,8,8,False,7.9996,1.0,False,1,0,134184980,291,17,0.0584,2.8294,True,False,False
hard_negatives_fp_corpus/kotlin_1924_compiler.zip,8,8,False,7.9996,1.0,False,1,0,91056044,141,14,0.0993,2.0559,True,False,False
hard_negatives_fp_corpus/kotlin_200_compiler.zip,8,8,False,7.9996,1.0,False,1,0,83767523,138,9,0.0652,2.0985,True,False,False
hard_negatives_fp_corpus/python311_embed_amd64.zip,8,8,False,7.9996,7.9833,False,1,0,11249023,161,127,0.7888,0.0255,True,False,False
hard_negatives_fp_corpus/python312_embed_amd64.zip,8,8,False,7.9996,7.9848,False,1,0,11055461,154,119,0.7727,0.0295,True,False,False
hard_negatives_fp_corpus/python312_embed_win32.zip,8,8,False,7.9996,7.9839,False,1,0,9891694,153,119,0.7778,0.0297,True,False,False
hard_negatives_fp_corpus/sonarqube_10051_community.zip,8,8,False,8.0,1.0,False,1,0,458422647,457,85,0.186,8.2168,True,True,False
hard_negatives_fp_corpus/sysinternals_suite.zip,8,8,False,7.9987,7.994,False,2,0,176903997,182,20,0.1099,0.0564,True,False,False
office_sample_000.docx.zip,-1,-1,False,0.0,0.0,False,0,0,1819,0,0,0.0,0.0,True,False,False
office_sample_001.xlsx.zip,-1,-1,False,0.0,0.0,False,0,0,1738,0,0,0.0,0.0,True,False,False
office_sample_002.docx.zip,-1,-1,False,0.0,0.0,False,0,0,4157,0,0,0.0,0.0,True,False,False
office_sample_003.xlsx.zip,-1,-1,False,0.0,0.0,False,0,0,152697,0,0,0.0,0.0,True,False,False
pypi_aio-pika.zip,0,0,False,7.957,-0.0,True,1,0,52022,27,0,0.0,6.9361,False,True,False
pypi_aio-pika_9.5.8.zip,8,8,False,7.9676,7.2123,False,1,0,54397,25,0,0.0,1.6757,True,False,False
pypi_aio-pika_9.6.0.zip,0,0,False,7.9601,-0.0,True,1,0,52218,27,0,0.0,6.9395,False,True,False
pypi_aiohttp.zip,0,0,False,7.9862,-0.0,True,1,0,738950,90,0,0.0,5.4025,False,True,False
pypi_aiohttp_4.0.0a0.zip,8,8,False,7.9967,7.6946,False,1,0,624394,76,0,0.0,0.8238,True,False,False
pypi_aiohttp_4.0.0a1.zip,8,8,False,7.9973,7.7641,False,1,0,644561,75,0,0.0,0.8407,True,False,False
pypi_aiosqlite.zip,8,8,False,7.954,7.1924,False,1,0,17405,15,0,0.0,2.9348,True,False,False
pypi_aiosqlite_0.21.0.zip,8,8,False,7.9424,7.1924,False,1,0,15792,15,0,0.0,2.9025,True,False,False
pypi_aiosqlite_0.22.0.zip,8,8,False,7.9547,7.1924,False,1,0,17263,15,0,0.0,2.9385,True,False,False
pypi_alembic.zip,8,8,False,7.9864,5.507,False,1,0,263893,101,0,0.0,2.2042,True,False,False
pypi_alembic_1.18.2.zip,8,8,False,7.9853,5.507,False,1,0,261953,101,0,0.0,2.2078,True,False,False
pypi_alembic_1.18.3.zip,8,8,False,7.9853,5.4819,False,1,0,262282,101,0,0.0,2.2081,True,False,False
pypi_altair.zip,8,8,False,7.9984,7.8947,False,1,0,795410,67,0,0.0,1.1637,True,False,False
pypi_altair_6.1.0.dev20251117.zip,8,8,False,7.9984,7.908,False,1,0,795536,67,0,0.0,1.1637,True,False,False
pypi_altair_6.1.0.dev20251124.zip,8,8,False,7.9984,7.9033,False,1,0,795536,67,0,0.0,1.1637,True,False,False
pypi_altair_6.1.0.dev20251222.zip,8,8,False,7.9984,7.9139,False,1,0,795640,67,0,0.0,1.1637,True,False,False
pypi_annotated-types.zip,8,8,False,7.969,7.901,False,1,0,13643,7,0,0.0,5.5668,True,False,False
pypi_annotated-types_0.5.0.zip,8,8,False,7.9539,7.8774,False,1,0,11136,7,0,0.0,5.6239,True,False,False
pypi_annotated-types_0.6.0.zip,8,8,False,7.9612,7.8764,False,1,0,12360,7,0,0.0,5.6414,True,False,False
pypi_anyio.zip,8,8,False,7.9897,7.7441,False,1,0,113592,49,0,0.0,4.1174,True,False,False
pypi_anyio_4.11.0.zip,8,8,False,7.9856,7.7565,False,1,0,109097,48,0,0.0,4.181,True,False,False
pypi_anyio_4.12.0.zip,8,8,False,7.989,7.7441,False,1,0,113362,49,0,0.0,4.1142,True,False,False
pypi_apscheduler.zip,8,8,False,7.9814,7.0567,False,1,0,64439,45,0,0.0,3.1271,True,False,False
pypi_apscheduler_4.0.0a1.zip,8,8,False,7.9624,7.5765,False,1,0,79291,50,0,0.0,5.7312,True,False,False
pypi_apscheduler_4.0.0a2.zip,8,8,False,7.9611,7.5765,False,1,0,82931,51,0,0.0,5.6524,True,False,False
pypi_apscheduler_4.0.0a3.zip,8,8,False,7.9729,7.5502,False,1,0,70360,49,0,0.0,5.7757,True,False,False
pypi_arrow.zip,8,8,False,7.9917,7.3199,False,1,0,68797,15,0,0.0,3.6007,True,False,False
pypi_arrow_1.2.3.zip,8,8,False,7.9913,7.2343,False,1,0,66391,16,0,0.0,4.3164,True,False,False
pypi_arrow_1.3.0.zip,8,8,False,7.9925,7.2343,False,1,0,66419,15,0,0.0,3.5948,True,False,False
pypi_arviz.zip,8,8,False,7.9464,7.6431,False,1,0,8445,5,0,0.0,0.6829,True,False,False
pypi_arviz_0.23.4.zip,8,8,False,7.9992,7.8247,False,1,0,1673773,183,0,0.0,0.8971,True,False,False
pypi_arviz_1.0.0rc0.zip,8,8,False,7.9464,7.5331,False,1,0,8306,5,0,0.0,0.6591,True,False,False
pypi_attrs.zip,8,8,False,7.9913,7.5835,False,1,0,67615,35,0,0.0,2.9206,True,False,False
pypi_attrs_25.2.0.zip,8,8,False,7.99,7.5835,False,1,0,64016,35,0,0.0,2.909,True,False,False
pypi_attrs_25.3.0.zip,8,8,False,7.9901,7.5835,False,1,0,63815,35,0,0.0,2.9073,True,False,False
pypi_azure-storage-blob.zip,8,8,False,7.9903,7.8669,False,1,0,431499,94,0,0.0,0.9205,True,False,False
pypi_azure-storage-blob_12.28.0b1.zip,8,8,False,7.9903,7.8669,False,1,0,431438,94,0,0.0,0.9216,True,False,False
pypi_azure-storage-blob_12.29.0b1.zip,8,8,False,7.9899,7.8669,False,1,0,434480,94,0,0.0,0.9204,True,False,False
pypi_babel.zip,8,8,False,7.9959,7.3938,False,1,0,10196845,1119,0,0.0,0.0973,True,False,False
pypi_babel_2.16.0.zip,8,8,False,7.9964,7.3393,False,1,0,9587599,1080,0,0.0,0.0994,True,False,False
pypi_babel_2.17.0.zip,8,8,False,7.9959,7.3259,False,1,0,10182537,1103,0,0.0,0.0983,True,False,False
pypi_barcode_0.15.1.zip,8,8,False,7.9931,7.7287,False,1,0,212956,26,0,0.0,2.636,True,False,False
pypi_barcode_0.16.0.zip,8,8,False,7.9931,7.7747,False,1,0,214991,26,0,0.0,2.5658,True,False,False
pypi_barcode_0.16.1.zip,8,8,False,7.9931,7.7747,False,1,0,228046,36,0,0.0,2.0053,True,False,False
pypi_bcrypt.zip,8,8,False,7.9906,7.4002,False,1,0,481806,9,0,0.0,5.5047,True,False,False
pypi_bcrypt_4.2.1.zip,8,8,False,7.9917,7.481,False,1,0,489982,9,0,0.0,5.5358,True,False,False
pypi_bcrypt_4.3.0.zip,8,8,False,7.9909,7.4002,False,1,0,483719,9,0,0.0,5.4854,True,False,False
pypi_beautifulsoup4.zip,8,8,False,7.9904,7.9657,False,1,0,107721,21,0,0.0,2.3348,True,False,False
pypi_beautifulsoup4_4.14.1.zip,8,8,False,7.9907,7.9671,False,1,0,106525,21,0,0.0,2.3353,True,False,False
pypi_beautifulsoup4_4.14.2.zip,8,8,False,7.9904,7.964,False,1,0,106392,21,0,0.0,2.3357,True,False,False
pypi_black.zip,0,0,False,7.9921,-0.0,True,1,0,1866562,91,0,0.0,5.5244,False,True,False
pypi_black_26.1.0.zip,0,0,False,7.9918,-0.0,True,1,0,1849661,91,0,0.0,5.5279,False,True,False
pypi_black_26.3.0.zip,0,0,False,7.9924,-0.0,True,1,0,1866623,91,0,0.0,5.5275,False,True,False
pypi_bokeh.zip,8,8,False,7.9995,7.584,False,1,0,6396068,1413,0,0.0,0.7567,True,False,False
pypi_bokeh_3.10.0.dev1.zip,8,8,False,7.9994,7.584,False,1,0,6391065,1392,0,0.0,0.7619,True,False,False
pypi_bokeh_3.10.0.dev2.zip,8,8,False,7.9994,7.584,False,1,0,6438163,1419,0,0.0,0.7692,True,False,False
pypi_bokeh_3.9.0.dev1.zip,8,8,False,7.9993,7.584,False,1,0,7205486,1385,0,0.0,0.7659,True,False,False
pypi_boto3.zip,8,8,False,7.9654,7.7318,False,1,0,140556,62,0,0.0,1.2611,True,False,False
pypi_boto3_1.42.66.zip,8,8,False,7.9654,7.7321,False,1,0,140557,62,0,0.0,1.261,True,False,False
pypi_boto3_1.42.67.zip,8,8,False,7.9654,7.7315,False,1,0,140557,62,0,0.0,1.261,True,False,False
pypi_boto3_1.42.69.zip,8,8,False,7.9654,7.7315,False,1,0,140556,62,0,0.0,1.261,True,False,False
pypi_bugsnag.zip,8,8,False,7.9618,7.2526,False,1,0,46202,33,0,0.0,2.0987,True,False,False
pypi_bugsnag_4.7.1.zip,8,8,False,7.9573,7.2526,False,1,0,45784,33,0,0.0,2.159,True,False,False
pypi_bugsnag_4.8.0.zip,8,8,False,7.9636,7.2526,False,1,0,46197,33,0,0.0,2.0978,True,False,False
pypi_bumpversion.zip,8,8,False,7.9657,7.5098,False,1,0,8449,5,0,0.0,5.5385,True,False,False
pypi_bumpversion_0.5.2.zip,8,8,False,7.9737,7.9484,False,1,0,22524,9,0,0.0,2.3942,True,False,False
pypi_bumpversion_0.5.3.zip,8,8,False,7.9698,7.9407,False,1,0,22610,9,0,0.0,2.3975,True,False,False
pypi_celery.zip,8,8,False,7.9898,7.8413,False,1,0,445502,168,0,0.0,1.7838,True,False,False
pypi_celery_5.6.0.zip,8,8,False,7.9898,7.8408,False,1,0,444561,168,0,0.0,1.7835,True,False,False
pypi_celery_5.6.1.zip,8,8,False,7.9898,7.8404,False,1,0,445358,168,0,0.0,1.7837,True,False,False
pypi_certifi.zip,8,8,False,7.9953,5.8093,False,1,0,153684,10,0,0.0,4.7987,True,False,False
pypi_certifi_2025.11.12.zip,8,8,False,7.9953,5.9382,False,1,0,159438,10,0,0.0,4.7822,True,False,False
pypi_certifi_2026.1.4.zip,8,8,False,7.9954,5.6685,False,1,0,152900,10,0,0.0,4.7787,True,False,False
pypi_cffi.zip,0,0,False,7.9916,-0.0,True,1,0,184283,33,0,0.0,5.4343,False,True,False
pypi_cffi_1.17.1.zip,0,0,False,7.9924,-0.0,True,1,0,182191,31,0,0.0,4.2672,False,True,False
pypi_cffi_2.0.0b1.zip,0,0,False,7.9916,-0.0,True,1,0,184335,33,0,0.0,5.4307,False,True,False
pypi_changelog.zip,8,8,False,7.9434,4.7791,False,1,0,16472,14,0,0.0,2.1932,True,False,False
pypi_changelog_0.6.0.zip,8,8,False,7.9384,4.6989,False,1,0,16313,14,0,0.0,2.3064,True,False,False
pypi_changelog_0.6.1.zip,8,8,False,7.9384,4.7791,False,1,0,16334,14,0,0.0,2.2822,True,False,False
pypi_chardet.zip,0,0,False,7.9962,-0.0,True,1,0,542487,46,0,0.0,6.6305,False,True,False
pypi_chardet_7.0.0.zip,0,0,False,7.9971,-0.0,True,1,0,521942,45,0,0.0,6.7591,False,True,False
pypi_chardet_7.0.1.zip,0,0,False,7.9967,-0.0,True,1,0,542016,45,0,0.0,6.7598,False,True,False
pypi_charset-normalizer.zip,0,0,False,7.987,-0.0,True,1,0,283319,26,0,0.0,8.6208,False,True,False
pypi_charset-normalizer_3.4.3.zip,0,0,False,7.9849,-0.0,True,1,0,207695,25,0,0.0,8.8838,False,True,False
pypi_charset-normalizer_3.4.4.zip,0,0,False,7.9873,-0.0,True,1,0,209709,25,0,0.0,8.8982,False,True,False
pypi_charset-normalizer_3.4.6.zip,0,0,False,7.9875,-0.0,True,1,0,298751,26,0,0.0,8.6206,False,True,False
pypi_click.zip,8,8,False,7.9912,7.6744,False,1,0,108274,22,0,0.0,2.1991,True,False,False
pypi_click_8.2.2.zip,8,8,False,7.9912,7.6744,False,1,0,103900,21,0,0.0,2.3047,True,False,False
pypi_click_8.3.0.zip,8,8,False,7.9925,7.6744,False,1,0,107295,22,0,0.0,2.2001,True,False,False
pypi_codecov.zip,8,8,False,7.9784,7.9578,False,1,0,16512,10,0,0.0,4.3809,True,False,False
pypi_colorama.zip,8,8,False,7.9677,6.9189,False,1,0,25335,17,0,0.0,0.5589,True,False,False
pypi_colorama_0.4.4.zip,8,8,False,7.9598,6.6593,False,1,0,16028,11,0,0.0,1.7993,True,False,False
pypi_colorama_0.4.5.zip,8,8,False,7.9675,6.6116,False,1,0,16204,11,0,0.0,1.7747,True,False,False
pypi_commitizen.zip,0,0,False,7.9636,-0.0,True,1,0,85373,83,0,0.0,7.3176,False,True,False
pypi_commitizen_4.13.7.zip,0,0,False,7.9636,-0.0,True,1,0,85340,83,0,0.0,7.3256,False,True,False
pypi_commitizen_4.13.8.zip,0,0,False,7.9636,-0.0,True,1,0,85368,83,0,0.0,7.3209,False,True,False
pypi_confluent-kafka.zip,8,8,False,7.9962,7.9215,False,1,0,3630069,114,0,0.0,1.417,True,False,False
pypi_confluent-kafka_2.13.0.zip,8,8,False,7.9962,7.624,False,1,0,3626152,113,0,0.0,1.4286,True,False,False
pypi_confluent-kafka_2.13.0b1.zip,8,8,False,7.9962,7.624,False,1,0,3611505,113,0,0.0,1.4284,True,False,False
pypi_coverage.zip,0,0,False,7.9851,-0.0,True,1,0,219152,65,0,0.0,3.9437,False,True,False
pypi_coverage_7.13.2.zip,0,0,False,7.9851,-0.0,True,1,0,218842,65,0,0.0,3.9415,False,True,False
pypi_coverage_7.13.3.zip,0,0,False,7.9851,-0.0,True,1,0,219143,65,0,0.0,3.9409,False,True,False
pypi_coveralls.zip,8,8,False,7.9529,5.8752,False,1,0,14168,12,0,0.0,1.0861,True,False,False
pypi_coveralls_4.0.1.zip,8,8,False,7.9536,5.8752,False,1,0,13599,12,0,0.0,1.0725,True,False,False
pypi_coveralls_4.0.2.zip,8,8,False,7.9536,5.8752,False,1,0,13549,12,0,0.0,1.0757,True,False,False
pypi_cryptography.zip,8,8,False,7.986,7.779,False,1,0,7176289,107,0,0.0,0.5374,True,False,False
pypi_cryptography_46.0.3.zip,8,8,False,7.986,7.7753,False,1,0,7225004,107,0,0.0,0.5375,True,False,False
pypi_cryptography_46.0.4.zip,8,8,False,7.9859,7.7982,False,1,0,7173686,107,0,0.0,0.5373,True,False,False
pypi_cssselect.zip,8,8,False,7.9733,7.1827,False,1,0,18540,9,0,0.0,4.4636,True,False,False
pypi_cssselect_1.2.0.zip,8,8,False,7.9717,7.2407,False,1,0,18687,10,0,0.0,5.2717,True,False,False
pypi_cssselect_1.3.0.zip,8,8,False,7.977,7.264,False,1,0,18786,10,0,0.0,5.2264,True,False,False
pypi_cython.zip,0,0,False,7.9979,-0.0,True,1,0,2960836,354,0,0.0,3.9275,False,True,False
pypi_cython_3.2.2.zip,0,0,False,7.9975,-0.0,True,1,0,2958838,354,0,0.0,3.9271,False,True,False
pypi_cython_3.2.3.zip,0,0,False,7.9975,-0.0,True,1,0,2959265,354,0,0.0,3.9274,False,True,False
pypi_dask.zip,8,8,False,7.9965,7.0708,False,1,0,1482084,378,0,0.0,1.7901,True,False,False
pypi_dask_2026.1.0.zip,8,8,False,7.9962,7.0708,False,1,0,1481491,378,0,0.0,1.789,True,False,False
pypi_dask_2026.1.1.zip,8,8,False,7.9962,7.0708,False,1,0,1481492,378,0,0.0,1.789,True,False,False
pypi_databases.zip,8,8,False,7.9535,5.5778,False,1,0,25580,22,0,0.0,7.4919,True,False,False
pypi_databases_0.7.0.zip,8,8,False,7.9481,5.5778,False,1,0,21954,16,0,0.0,5.0316,True,False,False
pypi_databases_0.8.0.zip,8,8,False,7.9448,5.5778,False,1,0,22560,16,0,0.0,5.0346,True,False,False
pypi_datasets.zip,8,8,False,7.9956,7.5262,False,1,0,527530,141,0,0.0,6.3807,True,False,False
pypi_datasets_4.6.0.zip,8,8,False,7.9964,7.5423,False,1,0,520672,140,0,0.0,6.4136,True,False,False
pypi_datasets_4.6.1.zip,8,8,False,7.9967,7.5232,False,1,0,520667,140,0,0.0,6.4133,True,False,False
pypi_datasets_4.8.0.zip,8,8,False,7.9964,7.5383,False,1,0,526638,141,0,0.0,6.3807,True,False,False
pypi_datasets_4.8.1.zip,8,8,False,7.9964,7.5232,False,1,0,526637,141,0,0.0,6.3808,True,False,False
pypi_datasets_4.8.2.zip,8,8,False,7.9964,7.5342,False,1,0,526646,141,0,0.0,6.381,True,False,False
pypi_dateutil_2.8.2.zip,8,8,False,7.9972,6.6126,False,1,0,247702,25,0,0.0,2.5232,True,False,False
pypi_dateutil_2.9.0.post0.zip,8,8,False,7.9969,7.2838,False,1,0,229892,25,0,0.0,2.5268,True,False,False
pypi_dateutil_2.9.0.zip,8,8,False,7.997,7.2838,False,1,0,230495,25,0,0.0,2.5099,True,False,False
pypi_decorator.zip,8,8,False,7.9579,7.9181,False,1,0,9190,7,0,0.0,2.5704,True,False,False
pypi_decorator_5.1.1.zip,8,8,False,7.9671,7.9361,False,1,0,9073,7,0,0.0,2.6545,True,False,False
pypi_decorator_5.2.0.zip,8,8,False,7.9561,7.9165,False,1,0,9149,7,0,0.0,2.5769,True,False,False
pypi_distro.zip,8,8,False,7.9767,7.153,False,1,0,20277,10,0,0.0,5.0631,True,False,False
pypi_distro_1.7.0.zip,8,8,False,7.9825,7.153,False,1,0,20096,10,0,0.0,5.0627,True,False,False
pypi_distro_1.8.0.zip,8,8,False,7.979,7.153,False,1,0,20315,10,0,0.0,5.0727,True,False,False
pypi_django.zip,8,8,False,7.9968,7.3236,False,2,0,8358527,3686,0,0.0,2.0068,True,False,False
pypi_django_6.0.1.zip,8,8,False,7.9968,7.3899,False,2,0,8338791,3685,0,0.0,2.0072,True,False,False
pypi_django_6.0.2.zip,8,8,False,7.9968,7.3143,False,2,0,8339381,3685,0,0.0,2.0073,True,False,False
pypi_dramatiq.zip,8,8,False,7.982,7.6792,False,1,0,125543,66,0,0.0,1.1322,True,False,False
pypi_dramatiq_2.0.0.zip,8,8,False,7.982,7.6446,False,1,0,123850,66,0,0.0,1.1298,True,False,False
pypi_dramatiq_2.0.1.zip,8,8,False,7.982,7.6567,False,1,0,124391,66,0,0.0,1.1302,True,False,False
pypi_email-validator.zip,8,8,False,7.9782,7.806,False,1,0,35604,16,0,0.0,4.0387,True,False,False
pypi_email-validator_2.1.2.zip,8,8,False,7.9756,7.7945,False,1,0,30739,15,0,0.0,4.3187,True,False,False
pypi_email-validator_2.2.0.zip,8,8,False,7.9789,7.8066,False,1,0,33521,15,0,0.0,4.3474,True,False,False
pypi_factory-boy.zip,8,8,False,7.9702,7.4329,False,1,0,37036,21,0,0.0,3.006,True,False,False
pypi_factory-boy_3.3.1.zip,8,8,False,7.9719,7.4329,False,1,0,36878,20,0,0.0,1.2395,True,False,False
pypi_factory-boy_3.3.2.zip,8,8,False,7.9719,7.4329,False,1,0,36878,20,0,0.0,1.2393,True,False,False
pypi_faker.zip,8,8,False,7.9963,5.7834,False,1,0,1989457,718,0,0.0,0.7893,True,False,False
pypi_faker_40.10.0.zip,8,8,False,7.9963,5.7693,False,1,0,1989246,718,0,0.0,0.79,True,False,False
pypi_faker_40.9.0.zip,8,8,False,7.9963,5.8511,False,1,0,1989126,718,0,0.0,0.7897,True,False,False
pypi_fastapi.zip,8,8,False,7.9847,7.9514,False,1,0,116999,58,0,0.0,3.051,True,False,False
pypi_fastapi_0.134.0.zip,8,8,False,7.9847,7.9514,False,1,0,110404,54,0,0.0,3.1809,True,False,False
pypi_fastapi_0.135.0.zip,8,8,False,7.9847,7.9514,False,1,0,114496,55,0,0.0,3.1525,True,False,False
pypi_fastavro.zip,8,8,False,7.9847,7.5427,False,1,0,1000335,47,0,0.0,2.4461,True,False,False
pypi_fastavro_1.11.1.zip,8,8,False,7.9871,7.5321,False,1,0,944225,47,0,0.0,2.446,True,False,False
pypi_fastavro_1.12.0.zip,8,8,False,7.9872,7.532,False,1,0,948880,47,0,0.0,2.4471,True,False,False
pypi_fastparquet.zip,0,0,False,7.9984,-0.0,True,1,0,893079,34,0,0.0,8.6671,False,True,False
pypi_fastparquet_2024.11.0.zip,0,0,False,7.9983,-0.0,True,1,0,910272,33,0,0.0,7.7372,False,True,False
pypi_fastparquet_2024.5.0.zip,0,0,False,7.9983,-0.0,True,1,0,910453,33,0,0.0,7.7445,False,True,False
pypi_fire.zip,8,8,False,7.9801,7.2813,False,1,0,115945,52,0,0.0,1.3969,True,False,False
pypi_flask.zip,8,8,False,7.9863,7.4897,False,1,0,103424,31,0,0.0,2.1189,True,False,False
pypi_flask_3.1.1.zip,8,8,False,7.9861,7.4897,False,1,0,103305,31,0,0.0,2.1159,True,False,False
pypi_flask_3.1.2.zip,8,8,False,7.9861,7.4897,False,1,0,103308,31,0,0.0,2.1191,True,False,False
pypi_flit.zip,8,8,False,7.9778,7.8743,False,1,0,50657,30,0,0.0,3.2797,True,False,False
pypi_flit_3.10.1.zip,8,8,False,7.9778,7.8677,False,1,0,50683,30,0,0.0,3.2638,True,False,False
pypi_flit_3.11.0.zip,8,8,False,7.9778,7.867,False,1,0,50665,30,0,0.0,3.2817,True,False,False
pypi_fpdf2.zip,8,8,False,7.9957,7.6919,False,1,0,327056,45,0,0.0,3.3103,True,False,False
pypi_fpdf2_2.8.5.zip,8,8,False,7.9956,7.7196,False,1,0,301627,44,0,0.0,2.7416,True,False,False
pypi_fpdf2_2.8.6.zip,8,8,False,7.9959,7.6919,False,1,0,326981,45,0,0.0,3.3107,True,False,False
pypi_freezegun.zip,8,8,False,7.9765,6.7454,False,1,0,19266,11,0,0.0,4.6292,True,False,False
pypi_freezegun_1.5.3.zip,8,8,False,7.9789,6.6689,False,1,0,19062,11,0,0.0,4.6601,True,False,False
pypi_freezegun_1.5.4.zip,8,8,False,7.9755,6.6774,False,1,0,19145,11,0,0.0,4.638,True,False,False
pypi_ftfy.zip,8,8,False,7.9785,7.9576,False,1,0,44821,15,0,0.0,3.4485,True,False,False
pypi_ftfy_6.2.3.zip,8,8,False,7.9791,7.9594,False,1,0,43011,15,0,0.0,3.3836,True,False,False
pypi_ftfy_6.3.0.zip,8,8,False,7.9793,7.959,False,1,0,44778,15,0,0.0,3.4432,True,False,False
pypi_gensim.zip,0,0,False,7.999,-0.0,True,1,0,24455330,386,0,0.0,2.8719,False,True,False
pypi_gensim_4.3.2.zip,8,8,False,7.999,7.9696,False,1,0,24084903,371,0,0.0,0.7844,True,False,False
pypi_gensim_4.3.3.zip,0,0,False,7.999,-0.0,True,1,0,24086876,385,0,0.0,2.7435,False,True,False
pypi_google-cloud-storage.zip,8,8,False,7.992,7.6808,False,1,0,321324,76,0,0.0,0.5855,True,False,False
pypi_google-cloud-storage_3.7.0.zip,8,8,False,7.9923,7.6808,False,1,0,303364,59,0,0.0,0.6487,True,False,False
pypi_google-cloud-storage_3.8.0.zip,8,8,False,7.9923,7.6808,False,1,0,312430,63,0,0.0,0.6105,True,False,False
pypi_gradio.zip,8,8,False,7.9996,3.9069,False,2,0,42940853,2851,0,0.0,0.3259,True,False,False
pypi_gradio_6.7.0.zip,8,8,False,7.9997,3.9069,False,1,0,24162271,2174,0,0.0,0.4363,True,False,False
pypi_gradio_6.8.0.zip,8,8,False,7.9997,3.9069,False,1,0,24162460,2174,0,0.0,0.4363,True,False,False
pypi_graphviz.zip,8,8,False,7.9638,7.7196,False,1,0,47300,38,0,0.0,0.5587,True,False,False
pypi_graphviz_0.20.2.zip,8,8,False,7.9613,7.6807,False,1,0,47218,38,0,0.0,0.6243,True,False,False
pypi_graphviz_0.20.3.zip,8,8,False,7.9627,7.7243,False,1,0,47126,38,0,0.0,0.6233,True,False,False
pypi_grpcio.zip,8,8,False,7.9945,7.9679,False,1,0,5946986,63,0,0.0,0.6718,True,False,False
pypi_grpcio_1.78.0rc2.zip,8,8,False,7.9945,7.9679,False,1,0,5946961,63,0,0.0,0.6379,True,False,False
pypi_grpcio_1.78.1.zip,8,8,False,7.9945,7.9679,False,1,0,5947661,63,0,0.0,0.664,True,False,False
pypi_gunicorn.zip,8,8,False,7.9901,6.7322,False,1,0,197067,73,0,0.0,0.4451,True,False,False
pypi_gunicorn_25.0.2.zip,8,8,False,7.9889,6.6783,False,1,0,171712,65,0,0.0,0.5192,True,False,False
pypi_gunicorn_25.0.3.zip,8,8,False,7.9878,6.8665,False,1,0,171728,65,0,0.0,0.5115,True,False,False
pypi_h11.zip,8,8,False,7.9703,7.5127,False,1,0,37515,17,0,0.0,2.6818,True,False,False
pypi_h11_0.14.0.zip,8,8,False,7.9749,7.5127,False,1,0,58259,29,0,0.0,3.1582,True,False,False
pypi_h11_0.15.0.zip,8,8,False,7.9703,7.5127,False,1,0,37476,17,0,0.0,2.6792,True,False,False
pypi_h5py.zip,0,0,False,7.9948,-0.0,True,1,0,3724137,113,0,0.0,5.1688,False,True,False
pypi_h5py_3.15.0.zip,0,0,False,7.9876,-0.0,True,1,0,2877224,111,0,0.0,5.2295,False,True,False
pypi_h5py_3.15.1.zip,0,0,False,7.9943,-0.0,True,1,0,3414477,111,0,0.0,5.2403,False,True,False
pypi_hatch.zip,8,8,False,7.9763,1.0,False,1,0,141269,129,0,0.0,5.5752,True,False,False
pypi_hatch_1.16.3.zip,8,8,False,7.976,1.0,False,1,0,141305,129,0,0.0,5.5753,True,False,False
pypi_hatch_1.16.4.zip,8,8,False,7.9763,1.0,False,1,0,141355,129,0,0.0,5.5757,True,False,False
pypi_html5lib.zip,8,8,False,7.9884,7.4559,False,1,0,112173,39,0,0.0,1.8273,True,False,False
pypi_html5lib_1.0.1.zip,8,8,False,7.9874,7.5118,False,1,0,117321,41,0,0.0,1.7183,True,False,False
pypi_html5lib_1.0b10.zip,8,8,False,7.9876,7.2851,False,1,0,112619,40,0,0.0,1.7722,True,False,False
pypi_httpcore.zip,8,8,False,7.9727,7.6672,False,1,0,78784,36,0,0.0,2.5665,True,False,False
pypi_httpcore_1.0.7.zip,8,8,False,7.9743,7.6956,False,1,0,78551,36,0,0.0,2.5196,True,False,False
pypi_httpcore_1.0.8.zip,8,8,False,7.9726,7.654,False,1,0,78732,36,0,0.0,2.5668,True,False,False
pypi_httpretty_0.8.10.zip,8,8,False,7.9777,7.6935,False,1,0,29443,12,0,0.0,2.0236,True,False,False
pypi_httpretty_0.8.12.zip,8,8,False,7.9793,7.6884,False,1,0,30723,12,0,0.0,2.0306,True,False,False
pypi_httpretty_0.8.14.zip,8,8,False,7.9791,7.7108,False,1,0,30761,12,0,0.0,2.0301,True,False,False
pypi_httptools.zip,0,0,False,7.98,-0.0,True,1,0,204531,23,0,0.0,8.2614,False,True,False
pypi_httptools_0.6.3.zip,0,0,False,7.9845,-0.0,True,1,0,192583,14,0,0.0,9.224,False,True,False
pypi_httptools_0.6.4.zip,0,0,False,7.9847,-0.0,True,1,0,198780,19,0,0.0,7.8297,False,True,False
pypi_httpx.zip,8,8,False,7.9762,7.6055,False,1,0,73517,29,0,0.0,2.0562,True,False,False
pypi_httpx_1.0.dev1.zip,8,8,False,7.97,7.3823,False,1,0,30258,17,0,0.0,0.3159,True,False,False
pypi_httpx_1.0.dev2.zip,8,8,False,7.97,7.3606,False,1,0,30554,18,0,0.0,0.6703,True,False,False
pypi_httpx_1.0.dev3.zip,8,8,False,7.97,7.4523,False,1,0,34319,19,0,0.0,0.633,True,False,False
pypi_huey.zip,8,8,False,7.9818,6.6145,False,1,0,76951,48,0,0.0,4.6568,True,False,False
pypi_huey_2.5.4.zip,8,8,False,7.9818,6.6869,False,1,0,76843,48,0,0.0,4.6826,True,False,False
pypi_huey_2.5.5.zip,8,8,False,7.9818,6.715,False,1,0,76889,48,0,0.0,4.6834,True,False,False
pypi_huggingface-hub.zip,8,8,False,7.9971,7.951,False,1,0,616308,177,0,0.0,1.1838,True,False,False
pypi_huggingface-hub_1.7.0.zip,8,8,False,7.9971,7.9554,False,1,0,616275,177,0,0.0,1.1838,True,False,False
pypi_huggingface-hub_1.7.0rc0.zip,8,8,False,7.9971,7.9537,False,1,0,616306,177,0,0.0,1.1838,True,False,False
pypi_humanize.zip,8,8,False,7.9646,7.091,False,1,0,132203,80,0,0.0,0.6433,True,False,False
pypi_humanize_4.13.0.zip,8,8,False,7.9604,7.091,False,1,0,128869,78,0,0.0,0.6599,True,False,False
pypi_humanize_4.14.0.zip,8,8,False,7.9603,7.091,False,1,0,132092,80,0,0.0,0.6442,True,False,False
pypi_hypothesis.zip,8,8,False,7.9925,7.8659,False,1,0,529307,114,0,0.0,0.5656,True,False,False
pypi_hypothesis_6.151.7.zip,8,8,False,7.9925,7.8659,False,1,0,543315,116,0,0.0,0.5569,True,False,False
pypi_hypothesis_6.151.8.zip,8,8,False,7.9925,7.8659,False,1,0,543389,116,0,0.0,0.5569,True,False,False
pypi_idna.zip,8,8,False,7.9817,7.0514,False,1,0,71008,13,0,0.0,3.8063,True,False,False
pypi_idna_3.10.zip,8,8,False,7.9789,7.0514,False,1,0,70442,13,0,0.0,3.8503,True,False,False
pypi_idna_3.9.zip,8,8,False,7.9817,7.0514,False,1,0,71671,13,0,0.0,3.863,True,False,False
pypi_igraph.zip,0,0,False,7.9972,-0.0,True,1,0,2257415,96,0,0.0,7.9716,False,True,False
pypi_igraph_0.11.8.zip,0,0,False,7.9968,-0.0,True,1,0,1948543,94,0,0.0,7.6951,False,True,False
pypi_igraph_0.11.9.zip,0,0,False,7.9971,-0.0,True,1,0,1936209,95,0,0.0,8.0489,False,True,False
pypi_imageio.zip,8,8,False,7.9969,7.7625,False,1,0,317646,64,0,0.0,1.2223,True,False,False
pypi_imageio_2.37.0.zip,8,8,False,7.9966,7.7711,False,1,0,315796,64,0,0.0,1.2633,True,False,False
pypi_imageio_2.37.2.zip,8,8,False,7.9973,7.7653,False,1,0,317646,64,0,0.0,1.2246,True,False,False
pypi_inflect.zip,8,8,False,7.9902,7.9803,False,1,0,35197,9,0,0.0,7.5714,True,False,False
pypi_inflect_7.3.1.zip,8,8,False,7.9862,7.9727,False,1,0,34712,9,0,0.0,7.6,True,False,False
pypi_inflect_7.4.0.zip,8,8,False,7.9891,7.978,False,1,0,34781,9,0,0.0,7.6121,True,False,False
pypi_iniconfig.zip,8,8,False,7.8935,7.8083,False,1,0,7484,10,0,0.0,5.0888,True,False,False
pypi_iniconfig_2.1.0.zip,8,8,False,7.8693,7.7645,False,1,0,6050,9,0,0.0,4.2586,True,False,False
pypi_iniconfig_2.2.0.zip,8,8,False,7.8549,7.7453,False,1,0,6228,10,0,0.0,5.0293,True,False,False
pypi_itsdangerous.zip,8,8,False,7.9516,7.3571,False,1,0,16234,13,0,0.0,3.3655,True,False,False
pypi_itsdangerous_2.1.1.zip,8,8,False,7.9347,6.9551,False,1,0,15727,14,0,0.0,3.8568,True,False,False
pypi_itsdangerous_2.1.2.zip,8,8,False,7.9347,6.9924,False,1,0,15749,14,0,0.0,3.8505,True,False,False
pypi_jinja2.zip,8,8,False,7.9869,7.3661,False,1,0,134899,31,0,0.0,1.8086,True,False,False
pypi_jinja2_3.1.4.zip,8,8,False,7.9868,7.3717,False,1,0,133271,31,0,0.0,1.808,True,False,False
pypi_jinja2_3.1.5.zip,8,8,False,7.987,7.3568,False,1,0,134596,31,0,0.0,1.7777,True,False,False
pypi_joblib.zip,8,8,False,7.9905,7.8527,False,1,0,309071,143,0,0.0,1.511,True,False,False
pypi_joblib_1.5.1.zip,8,8,False,7.9905,7.8585,False,1,0,307746,143,0,0.0,1.5187,True,False,False
pypi_joblib_1.5.2.zip,8,8,False,7.9905,7.8592,False,1,0,308396,143,0,0.0,1.5114,True,False,False
pypi_keras.zip,8,8,False,7.9945,7.5713,False,1,0,1513769,620,0,0.0,1.4508,True,False,False
pypi_keras_3.13.0.zip,8,8,False,7.9945,7.5713,False,1,0,1512339,620,0,0.0,1.4502,True,False,False
pypi_keras_3.13.1.zip,8,8,False,7.9945,7.5713,False,1,0,1512409,620,0,0.0,1.4503,True,False,False
pypi_keyboard.zip,8,8,False,7.9841,7.9691,False,1,0,58098,21,0,0.0,1.1213,True,False,False
pypi_keyboard_0.13.3.zip,8,8,False,7.9814,7.9633,False,1,0,58749,21,0,0.0,1.0995,True,False,False
pypi_keyboard_0.13.4.zip,8,8,False,7.9843,7.9691,False,1,0,58112,21,0,0.0,1.0911,True,False,False
pypi_kombu.zip,8,8,False,7.9862,7.7699,False,1,0,214219,83,0,0.0,0.9147,True,False,False
pypi_kombu_5.6.0.zip,8,8,False,7.9862,7.7783,False,1,0,213774,83,0,0.0,0.9149,True,False,False
pypi_kombu_5.6.1.zip,8,8,False,7.9862,7.7768,False,1,0,214141,83,0,0.0,0.9147,True,False,False
pypi_langdetect.zip,8,8,False,7.9977,5.8823,False,1,0,993221,75,0,0.0,1.6213,True,False,False
pypi_langdetect_1.0.8.zip,8,8,False,7.9977,5.42,False,1,0,993190,75,0,0.0,1.6437,True,False,False
pypi_librosa.zip,8,8,False,7.991,7.6497,False,1,0,260749,49,0,0.0,1.6132,True,False,False
pypi_librosa_0.11.0rc0.zip,8,8,False,7.991,7.6497,False,1,0,260550,49,0,0.0,1.6158,True,False,False
pypi_librosa_0.11.0rc1.zip,8,8,False,7.991,7.6497,False,1,0,260782,49,0,0.0,1.6164,True,False,False
pypi_loguru.zip,8,8,False,7.9896,7.121,False,1,0,61595,24,0,0.0,1.9479,True,False,False
pypi_loguru_0.7.1.zip,8,8,False,7.9875,7.1548,False,1,0,61429,26,0,0.0,2.4915,True,False,False
pypi_loguru_0.7.2.zip,8,8,False,7.9889,7.2283,False,1,0,62549,26,0,0.0,2.4956,True,False,False
pypi_lxml.zip,0,0,False,7.9946,-0.0,True,1,0,8590589,188,0,0.0,5.5019,False,True,False
pypi_lxml_6.0.0.zip,0,0,False,7.9947,-0.0,True,1,0,8399057,188,0,0.0,5.5028,False,True,False
pypi_lxml_6.0.1.zip,0,0,False,7.9947,-0.0,True,1,0,8381164,188,0,0.0,5.5013,False,True,False
pypi_markupsafe.zip,0,0,False,7.9524,-0.0,True,1,0,11631,14,0,0.0,10.2205,False,True,False
pypi_markupsafe_3.0.1.zip,0,0,False,7.9425,-0.0,True,1,0,14391,13,0,0.0,9.0288,False,True,False
pypi_markupsafe_3.0.2.zip,0,0,False,7.9425,-0.0,True,1,0,14357,13,0,0.0,9.0178,False,True,False
pypi_marshmallow.zip,8,8,False,7.9848,6.9261,False,1,0,48454,19,0,0.0,2.4633,True,False,False
pypi_marshmallow_4.2.0.zip,8,8,False,7.9836,6.9261,False,1,0,48448,19,0,0.0,2.4649,True,False,False
pypi_marshmallow_4.2.1.zip,8,8,False,7.9836,6.9261,False,1,0,48451,19,0,0.0,2.463,True,False,False
pypi_matplotlib.zip,0,0,False,7.9977,-0.0,True,1,0,8239828,629,1,0.0016,3.597,False,True,False
pypi_matplotlib_3.10.6.zip,0,0,False,7.9975,-0.0,True,1,0,8247159,629,1,0.0016,3.5975,False,True,False
pypi_matplotlib_3.10.7.zip,0,0,False,7.9975,-0.0,True,1,0,8247141,629,1,0.0016,3.5965,False,True,False
pypi_mechanize.zip,8,8,False,7.9889,7.7567,False,1,0,110390,31,0,0.0,2.1368,True,False,False
pypi_mechanize_0.4.8.zip,8,8,False,7.9877,7.7567,False,1,0,110307,31,0,0.0,2.1344,True,False,False
pypi_mechanize_0.4.9.zip,8,8,False,7.9877,7.7567,False,1,0,110365,31,0,0.0,2.133,True,False,False
pypi_minio.zip,8,8,False,7.9897,7.5854,False,1,0,93751,33,0,0.0,2.2878,True,False,False
pypi_minio_7.2.18.zip,8,8,False,7.9898,7.6242,False,1,0,93120,33,0,0.0,2.2869,True,False,False
pypi_minio_7.2.19.zip,8,8,False,7.9914,7.6071,False,1,0,103517,34,0,0.0,2.228,True,False,False
pypi_mkdocs.zip,8,8,False,7.999,6.2928,False,1,0,3864451,174,0,0.0,1.7038,True,False,False
pypi_mkdocs_1.5.3.zip,8,8,False,7.999,6.2942,False,1,0,3694750,189,0,0.0,2.2395,True,False,False
pypi_mkdocs_1.6.0.zip,8,8,False,7.999,6.3859,False,1,0,3862264,172,0,0.0,1.712,True,False,False
pypi_more-itertools.zip,8,8,False,7.9937,6.3642,False,1,0,69667,11,0,0.0,4.2695,True,False,False
pypi_more-itertools_10.6.0.zip,8,8,False,7.9935,6.3457,False,1,0,63038,11,0,0.0,4.2866,True,False,False
pypi_more-itertools_10.7.0.zip,8,8,False,7.9943,6.383,False,1,0,65278,11,0,0.0,4.232,True,False,False
pypi_motor.zip,8,8,False,7.9881,7.4678,False,1,0,74996,23,0,0.0,2.1479,True,False,False
pypi_motor_3.6.1.zip,8,8,False,7.9881,7.4678,False,1,0,74813,23,0,0.0,2.1492,True,False,False
pypi_motor_3.7.0.zip,8,8,False,7.9881,7.4678,False,1,0,74811,23,0,0.0,2.1497,True,False,False
pypi_mouse.zip,8,8,False,7.944,7.8946,False,1,0,16170,13,0,0.0,1.8367,True,False,False
pypi_mouse_0.6.1.zip,8,8,False,7.9437,7.5537,False,1,0,16429,13,0,0.0,1.8731,True,False,False
pypi_mouse_0.7.0.zip,8,8,False,7.9437,7.5537,False,1,0,16931,14,0,0.0,1.7402,True,False,False
pypi_multiprocess.zip,8,8,False,7.993,7.0265,False,1,0,135131,39,0,0.0,0.4935,True,False,False
pypi_multiprocess_0.70.17.zip,8,8,False,7.993,7.006,False,1,0,135007,39,0,0.0,0.5093,True,False,False
pypi_multiprocess_0.70.18.zip,8,8,False,7.993,7.0334,False,1,0,135083,39,0,0.0,0.4947,True,False,False
pypi_mutagen.zip,8,8,False,7.984,7.4951,False,1,0,194391,70,0,0.0,1.08,True,False,False
pypi_mutagen_1.45.1.zip,8,8,False,7.9828,7.4791,False,1,0,218660,79,0,0.0,0.3903,True,False,False
pypi_mutagen_1.46.0.zip,8,8,False,7.9848,7.4124,False,1,0,193643,70,0,0.0,1.0767,True,False,False
pypi_mypy-extensions.zip,8,8,False,7.9192,7.8488,False,1,0,4963,5,0,0.0,0.5827,True,False,False
pypi_mypy-extensions_0.4.3.zip,8,8,False,7.9138,7.8388,False,1,0,4470,6,0,0.0,2.0612,True,False,False
pypi_mypy-extensions_1.0.0.zip,8,8,False,7.9061,7.8239,False,1,0,4695,6,0,0.0,2.0785,True,False,False
pypi_mypy.zip,0,0,False,7.9974,-0.0,True,1,0,13101333,1452,0,0.0,4.3883,False,True,False
pypi_mypy_1.18.2.zip,0,0,False,7.9972,-0.0,True,1,0,12807973,1380,0,0.0,4.0396,False,True,False
pypi_mypy_1.19.0.zip,0,0,False,7.9974,-0.0,True,1,0,13093239,1452,0,0.0,4.3886,False,True,False
pypi_nats-py.zip,8,8,False,7.9881,7.5998,False,1,0,82259,28,0,0.0,3.5634,True,False,False
pypi_nats-py_2.13.0.zip,8,8,False,7.9887,7.5998,False,1,0,80914,28,0,0.0,3.5745,True,False,False
pypi_nats-py_2.13.1.zip,8,8,False,7.9887,7.5998,False,1,0,80947,28,0,0.0,3.576,True,False,False
pypi_netcdf4.zip,0,0,False,7.9976,-0.0,True,1,0,23499427,57,0,0.0,6.5817,False,True,False
pypi_netcdf4_1.7.2.zip,0,0,False,7.9982,-0.0,True,1,0,2977508,23,0,0.0,10.7184,False,True,False
pypi_netcdf4_1.7.3.zip,0,0,False,7.9981,-0.0,True,1,0,2803413,25,0,0.0,11.353,False,True,False
pypi_networkx.zip,8,8,False,7.9967,7.4592,False,1,0,2068504,601,0,0.0,1.9258,True,False,False
pypi_networkx_3.5.zip,8,8,False,7.9967,7.3241,False,1,0,2034406,595,0,0.0,1.9418,True,False,False
pypi_networkx_3.6.zip,8,8,False,7.9967,7.47,False,1,0,2063713,601,0,0.0,1.9255,True,False,False
pypi_nltk.zip,8,8,False,7.9932,2.6781,False,1,0,1525385,431,0,0.0,0.6431,True,False,False
pypi_nltk_3.9.1.zip,8,8,False,7.9932,2.6781,False,1,0,1505442,425,0,0.0,0.6544,True,False,False
pypi_nltk_3.9.2.zip,8,8,False,7.9932,2.6781,False,1,0,1513404,426,0,0.0,0.6511,True,False,False
pypi_nox.zip,8,8,False,7.9801,7.5453,False,1,0,74615,28,0,0.0,0.6431,True,False,False
pypi_nox_2025.10.16.zip,8,8,False,7.9787,7.5453,False,1,0,74405,28,0,0.0,0.6425,True,False,False
pypi_nox_2025.11.12.zip,8,8,False,7.9777,7.5453,False,1,0,74447,28,0,0.0,0.6424,True,False,False
pypi_numba.zip,8,8,False,7.9946,7.8663,False,1,0,2683250,791,0,0.0,1.3539,True,False,False
pypi_numba_0.64.0rc1.zip,8,8,False,7.9946,7.8663,False,1,0,2683296,791,0,0.0,1.3539,True,False,False
pypi_numba_0.65.0rc1.zip,8,8,False,7.9945,7.8635,False,1,0,2680588,790,0,0.0,1.3552,True,False,False
pypi_numpy.zip,0,0,False,7.9979,-0.0,True,1,0,16957183,1168,0,0.0,6.2236,False,True,False
pypi_numpy_2.4.1.zip,0,0,False,7.9979,-0.0,True,1,0,16944563,1168,0,0.0,6.2236,False,True,False
pypi_numpy_2.4.2.zip,0,0,False,7.9979,-0.0,True,1,0,16955478,1168,0,0.0,6.2236,False,True,False
pypi_opencv-python-headless.zip,0,0,False,7.9969,-0.0,True,1,0,46247192,233,0,0.0,10.6766,False,True,False
pypi_opencv-python-headless_4.12.0.88.zip,0,0,False,7.9969,-0.0,True,1,0,37877864,202,0,0.0,11.2936,False,True,False
pypi_opencv-python-headless_4.13.0.90.zip,0,0,False,7.9969,-0.0,True,1,0,46020414,233,0,0.0,10.6762,False,True,False
pypi_openpyxl.zip,8,8,False,7.9716,7.0089,False,1,0,250910,195,0,0.0,0.6173,True,False,False
pypi_openpyxl_3.1.4.zip,8,8,False,7.9724,7.0089,False,1,0,251355,195,0,0.0,0.6166,True,False,False
pypi_openpyxl_3.2.0b1.zip,8,8,False,7.9709,7.0543,False,1,0,253611,195,0,0.0,0.6052,True,False,False
pypi_packaging.zip,8,8,False,7.9821,7.0686,False,1,0,74366,24,0,0.0,2.0493,True,False,False
pypi_packaging_26.0rc1.zip,8,8,False,7.9821,7.1327,False,1,0,74021,24,0,0.0,2.047,True,False,False
pypi_packaging_26.0rc2.zip,8,8,False,7.9821,7.2071,False,1,0,74124,24,0,0.0,2.0471,True,False,False
pypi_pandas.zip,0,0,False,7.9976,-0.0,True,1,0,10323380,1677,0,0.0,7.2836,False,True,False
pypi_pandas_3.0.0.zip,0,0,False,7.9976,-0.0,True,1,0,10313247,1674,0,0.0,7.2495,False,True,False
pypi_pandas_3.0.0rc0.zip,0,0,False,7.9975,-0.0,True,1,0,10240647,1673,0,0.0,7.2317,False,True,False
pypi_panel.zip,8,8,False,7.9997,6.8268,False,1,0,30229022,1839,0,0.0,0.9266,True,False,False
pypi_panel_1.8.10.zip,8,8,False,7.9997,6.8753,False,1,0,30270089,1839,0,0.0,0.927,True,False,False
pypi_panel_1.8.7.zip,8,8,False,7.9997,6.8902,False,1,0,30223006,1839,0,0.0,0.9267,True,False,False
pypi_panel_1.8.8.zip,8,8,False,7.9997,6.8986,False,1,0,30232600,1839,0,0.0,0.9266,True,False,False
pypi_parameterized.zip,8,8,False,7.9739,5.2814,False,1,0,20475,8,0,0.0,2.3649,True,False,False
pypi_parameterized_0.7.5.zip,8,8,False,7.9712,5.3074,False,1,0,17995,8,0,0.0,2.3297,True,False,False
pypi_parameterized_0.8.1.zip,8,8,False,7.9715,6.8972,False,1,0,26354,13,0,0.0,1.9035,True,False,False
pypi_paramiko.zip,8,8,False,7.9912,7.7472,False,1,0,223932,49,0,0.0,0.4851,True,False,False
pypi_paramiko_3.5.0.zip,8,8,False,7.9921,7.7774,False,1,0,227143,51,0,0.0,0.6488,True,False,False
pypi_paramiko_3.5.1.zip,8,8,False,7.9921,7.7774,False,1,0,227298,51,0,0.0,0.597,True,False,False
pypi_passlib.zip,8,8,False,7.9928,6.0427,False,1,0,525554,107,0,0.0,1.2538,True,False,False
pypi_passlib_1.7.2.zip,8,8,False,7.9929,5.8853,False,1,0,507848,107,0,0.0,1.2566,True,False,False
pypi_passlib_1.7.3.zip,8,8,False,7.9935,5.8571,False,1,0,522824,107,0,0.0,1.2587,True,False,False
pypi_pathos.zip,8,8,False,7.9577,7.9133,False,1,0,82248,50,0,0.0,0.4965,True,False,False
pypi_pathos_0.3.3.zip,8,8,False,7.9541,7.91,False,1,0,82142,50,0,0.0,0.5445,True,False,False
pypi_pathos_0.3.4.zip,8,8,False,7.9629,7.9124,False,1,0,82261,50,0,0.0,0.5228,True,False,False
pypi_pdm.zip,8,8,False,7.9816,7.9043,False,1,0,301127,152,0,0.0,3.5136,True,False,False
pypi_pdm_2.26.4.zip,8,8,False,7.9816,7.9131,False,1,0,300587,152,0,0.0,3.5117,True,False,False
pypi_pdm_2.26.5.zip,8,8,False,7.9816,7.9031,False,1,0,301057,152,0,0.0,3.5135,True,False,False
pypi_pdoc.zip,8,8,False,7.984,7.9499,False,1,0,100014,56,0,0.0,1.5762,True,False,False
pypi_pdoc_15.0.3.zip,8,8,False,7.9948,7.9406,False,1,0,145950,58,0,0.0,1.5404,True,False,False
pypi_pdoc_15.0.4.zip,8,8,False,7.9948,7.9436,False,1,0,145978,58,0,0.0,1.5402,True,False,False
pypi_pendulum.zip,8,8,False,7.9975,7.8487,False,1,0,338065,126,0,0.0,7.6783,True,False,False
pypi_pendulum_3.0.0.zip,8,8,False,7.9968,7.8595,False,1,0,362284,119,0,0.0,8.4765,True,False,False
pypi_pendulum_3.1.0.zip,8,8,False,7.997,7.8648,False,1,0,338637,124,0,0.0,8.5606,True,False,False
pypi_pika.zip,8,8,False,7.9913,7.1267,False,1,0,155415,36,0,0.0,3.0178,True,False,False
pypi_pika_1.3.0.zip,8,8,False,7.9894,7.1539,False,1,0,155258,36,0,0.0,3.0327,True,False,False
pypi_pika_1.3.1.zip,8,8,False,7.9912,7.2629,False,1,0,155339,36,0,0.0,3.0336,True,False,False
pypi_pillow.zip,0,0,False,7.999,-0.0,True,1,0,5304099,142,0,0.0,2.667,False,True,False
pypi_pillow_12.0.0.zip,0,0,False,7.999,-0.0,True,1,0,5289809,142,0,0.0,2.6674,False,True,False
pypi_pillow_12.1.0.zip,0,0,False,7.999,-0.0,True,1,0,5304089,142,0,0.0,2.6685,False,True,False
pypi_pingouin.zip,8,8,False,7.986,6.8456,False,1,0,204753,55,0,0.0,0.6961,True,False,False
pypi_pingouin_0.5.4.zip,8,8,False,7.9886,6.9653,False,1,0,198855,55,0,0.0,0.7265,True,False,False
pypi_pingouin_0.5.5.zip,8,8,False,7.9874,6.8714,False,1,0,204367,55,0,0.0,0.7025,True,False,False
pypi_pip.zip,8,8,False,7.9954,7.0861,False,1,0,1787723,472,0,0.0,2.1844,True,False,False
pypi_pip_25.3.zip,8,8,False,7.9954,6.8805,False,1,0,1778622,469,0,0.0,2.1983,True,False,False
pypi_pip_26.0.zip,8,8,False,7.9954,6.886,False,1,0,1787564,472,0,0.0,2.1846,True,False,False
pypi_platform_4.9.1.zip,8,8,False,7.9453,7.8456,False,1,0,21307,14,0,0.0,3.244,True,False,False
pypi_platform_4.9.2.zip,8,8,False,7.9514,7.8159,False,1,0,21168,14,0,0.0,3.2477,True,False,False
pypi_platform_4.9.4.zip,8,8,False,7.9514,7.8159,False,1,0,21216,14,0,0.0,3.2418,True,False,False
pypi_playwright.zip,0,0,False,7.9987,-0.0,True,1,0,42251098,484,0,0.0,5.7594,False,True,False
pypi_playwright_1.56.0.zip,0,0,False,7.9988,-0.0,True,1,0,40611424,460,0,0.0,5.8195,False,True,False
pypi_playwright_1.57.0.zip,0,0,False,7.9987,-0.0,True,1,0,41985039,453,0,0.0,5.7901,False,True,False
pypi_plotly.zip,8,8,False,7.9996,1.0,False,1,0,9910315,1657,0,0.0,0.5695,True,False,False
pypi_plotly_6.5.1.zip,8,8,False,7.9996,1.0,False,1,0,9894981,1657,0,0.0,0.5691,True,False,False
pypi_plotly_6.5.2.zip,8,8,False,7.9996,1.0,False,1,0,9895973,1657,0,0.0,0.5692,True,False,False
pypi_pluggy.zip,8,8,False,7.965,6.9178,False,1,0,20538,14,0,0.0,4.0193,True,False,False
pypi_pluggy_1.4.0.zip,8,8,False,7.9649,7.1567,False,1,0,20120,14,0,0.0,4.1246,True,False,False
pypi_pluggy_1.5.0.zip,8,8,False,7.9656,7.1902,False,1,0,20556,14,0,0.0,4.1323,True,False,False
pypi_pre-commit.zip,8,8,False,7.9964,1.0,False,1,0,226437,91,0,0.0,3.2196,True,False,False
pypi_pre-commit_4.4.0.zip,8,8,False,7.9964,1.0,False,1,0,226049,92,0,0.0,3.1799,True,False,False
pypi_pre-commit_4.5.0.zip,8,8,False,7.9964,1.0,False,1,0,226429,91,0,0.0,3.2208,True,False,False
pypi_prettytable.zip,8,8,False,7.9887,7.3279,False,1,0,34433,10,0,0.0,4.2007,True,False,False
pypi_prettytable_3.15.1.zip,8,8,False,7.9879,7.3279,False,1,0,33781,10,0,0.0,4.1884,True,False,False
pypi_prettytable_3.16.0.zip,8,8,False,7.9894,7.3279,False,1,0,33863,10,0,0.0,4.1837,True,False,False
pypi_protobuf.zip,8,8,False,7.9868,7.9735,False,1,0,429248,59,0,0.0,2.9995,True,False,False
pypi_protobuf_7.34.0rc1.zip,8,8,False,7.9867,7.9731,False,1,0,429263,59,0,0.0,2.9983,True,False,False
pypi_protobuf_7.34.0rc2.zip,8,8,False,7.9867,7.9731,False,1,0,429269,59,0,0.0,2.9984,True,False,False
pypi_psutil.zip,0,0,False,7.9905,-0.0,True,1,0,130595,19,0,0.0,8.7534,False,True,False
pypi_psutil_7.2.0.zip,0,0,False,7.9894,-0.0,True,1,0,129593,19,0,0.0,8.7558,False,True,False
pypi_psutil_7.2.1.zip,0,0,False,7.9894,-0.0,True,1,0,129624,19,0,0.0,8.7467,False,True,False
pypi_psycopg2.zip,0,0,False,7.9953,-0.0,True,1,0,2713725,24,0,0.0,7.2161,False,True,False
pypi_psycopg2_2.9.10.zip,8,8,False,7.9959,7.81,False,1,0,1024527,17,0,0.0,1.2381,True,False,False
pypi_psycopg2_2.9.9.zip,8,8,False,7.9961,7.81,False,1,0,1025172,17,0,0.0,1.3159,True,False,False
pypi_py-cpuinfo.zip,8,8,False,7.9864,4.4772,False,1,0,22335,9,0,0.0,2.7273,True,False,False
pypi_pyarrow.zip,8,8,False,7.996,7.6744,False,1,0,34307390,750,0,0.0,0.1727,True,False,False
pypi_pyarrow_22.0.0.zip,8,8,False,7.996,7.6744,False,1,0,34223968,747,0,0.0,0.1754,True,False,False
pypi_pyarrow_23.0.0.zip,8,8,False,7.996,7.6744,False,1,0,34281861,748,0,0.0,0.1759,True,False,False
pypi_pybind11.zip,8,8,False,7.9946,7.055,False,1,0,310158,76,0,0.0,1.8958,True,False,False
pypi_pybind11_3.0.0.zip,8,8,False,7.9935,7.055,False,1,0,292118,74,0,0.0,1.9391,True,False,False
pypi_pybind11_3.0.1.zip,8,8,False,7.9937,7.055,False,1,0,293611,74,0,0.0,1.9385,True,False,False
pypi_pydantic-settings.zip,8,8,False,7.9846,7.3946,False,1,0,58929,27,0,0.0,2.237,True,False,False
pypi_pydantic-settings_2.12.0.zip,8,8,False,7.9846,7.3102,False,1,0,51880,27,0,0.0,2.2562,True,False,False
pypi_pydantic-settings_2.13.0.zip,8,8,False,7.983,7.3946,False,1,0,58429,27,0,0.0,2.2572,True,False,False
pypi_pydantic.zip,8,8,False,7.9922,7.8634,False,1,0,463580,111,0,0.0,1.9019,True,False,False
pypi_pydantic_2.13.0b1.zip,8,8,False,7.9911,7.8634,False,1,0,468061,111,0,0.0,1.9015,True,False,False
pypi_pydantic_2.13.0b2.zip,8,8,False,7.9911,7.8634,False,1,0,468371,111,0,0.0,1.9009,True,False,False
pypi_pydoc-markdown.zip,8,8,False,7.9681,7.8882,False,1,0,67830,38,0,0.0,2.3655,True,False,False
pypi_pydoc-markdown_4.8.0.zip,8,8,False,7.9681,7.8757,False,1,0,66972,37,0,0.0,2.4343,True,False,False
pypi_pydoc-markdown_4.8.1.zip,8,8,False,7.9681,7.8817,False,1,0,67811,38,0,0.0,2.3649,True,False,False
pypi_pydub.zip,8,8,False,7.9849,4.42,False,1,0,32327,17,0,0.0,1.8959,True,False,False
pypi_pydub_0.24.1.zip,8,8,False,7.981,7.7979,False,1,0,30411,17,0,0.0,1.889,True,False,False
pypi_pydub_0.25.0.zip,8,8,False,7.9849,4.42,False,1,0,32323,17,0,0.0,1.8948,True,False,False
pypi_pylint.zip,8,8,False,7.9904,7.7476,False,1,0,536694,187,0,0.0,0.4579,True,False,False
pypi_pylint_4.0.3.zip,8,8,False,7.9904,7.7476,False,1,0,536199,187,0,0.0,0.459,True,False,False
pypi_pylint_4.0.4.zip,8,8,False,7.9904,7.7476,False,1,0,536425,187,0,0.0,0.459,True,False,False
pypi_pymc.zip,8,8,False,7.9908,7.7321,False,1,0,562299,131,0,0.0,0.232,True,False,False
pypi_pymc_5.27.1.zip,8,8,False,7.9905,7.7321,False,1,0,552548,129,0,0.0,0.2415,True,False,False
pypi_pymc_5.28.0.zip,8,8,False,7.9905,7.7321,False,1,0,560725,130,0,0.0,0.2339,True,False,False
pypi_pymongo.zip,0,0,False,7.9932,-0.0,True,1,0,807993,171,0,0.0,3.5904,False,True,False
pypi_pymongo_4.15.5.zip,0,0,False,7.9927,-0.0,True,1,0,811318,171,0,0.0,3.5906,False,True,False
pypi_pymongo_4.16.0.dev0.zip,0,0,False,7.9928,-0.0,True,1,0,809052,171,0,0.0,3.5905,False,True,False
pypi_pynput.zip,8,8,False,7.9738,7.5899,False,1,0,91693,30,0,0.0,2.288,True,False,False
pypi_pynput_1.7.8.zip,8,8,False,7.9738,7.5899,False,1,0,90363,30,0,0.0,2.2863,True,False,False
pypi_pynput_1.8.0.zip,8,8,False,7.9738,7.5899,False,1,0,91577,30,0,0.0,2.2873,True,False,False
pypi_pyotp.zip,8,8,False,7.9358,7.7441,False,1,0,13376,14,0,0.0,4.3302,True,False,False
pypi_pyotp_2.7.0.zip,8,8,False,7.9436,7.7154,False,1,0,12851,14,0,0.0,4.3636,True,False,False
pypi_pyotp_2.8.0.zip,8,8,False,7.9277,7.7422,False,1,0,12931,14,0,0.0,4.3684,True,False,False
pypi_pyppeteer.zip,8,8,False,7.9866,7.4474,False,1,0,82891,32,0,0.0,0.3937,True,False,False
pypi_pyppeteer_2.0.0rc0.zip,8,8,False,7.9864,7.4474,False,1,0,82940,32,0,0.0,0.3936,True,False,False
pypi_pyppeteer_2.0.0rc1.zip,8,8,False,7.9866,7.4474,False,1,0,82964,32,0,0.0,0.3932,True,False,False
pypi_pyquery.zip,8,8,False,7.9799,6.5305,False,1,0,22573,10,0,0.0,2.2367,True,False,False
pypi_pyquery_1.4.3.zip,8,8,False,7.9789,6.5305,False,1,0,22257,11,0,0.0,2.531,True,False,False
pypi_pyquery_2.0.0.zip,8,8,False,7.9787,6.5305,False,1,0,22721,11,0,0.0,2.5313,True,False,False
pypi_pytest.zip,8,8,False,7.989,6.8158,False,1,0,374801,82,0,0.0,1.9976,True,False,False
pypi_pytest_9.0.0.zip,8,8,False,7.9898,6.8158,False,1,0,373364,81,0,0.0,2.0222,True,False,False
pypi_pytest_9.0.1.zip,8,8,False,7.9898,6.8158,False,1,0,373668,81,0,0.0,2.0222,True,False,False
pypi_python-docx.zip,8,8,False,7.9943,7.5803,False,1,0,252987,124,0,0.0,2.9665,True,False,False
pypi_python-docx_1.1.1.zip,8,8,False,7.9943,7.5527,False,1,0,242759,120,0,0.0,2.7442,True,False,False
pypi_python-docx_1.1.2.zip,8,8,False,7.9943,7.5107,False,1,0,244315,120,0,0.0,3.0672,True,False,False
pypi_python-dotenv.zip,8,8,False,7.9753,7.4041,False,1,0,22101,15,0,0.0,2.4057,True,False,False
pypi_python-dotenv_1.2.0.zip,8,8,False,7.9748,7.4041,False,1,0,21012,15,0,0.0,2.4327,True,False,False
pypi_python-dotenv_1.2.1.zip,8,8,False,7.9768,7.4041,False,1,0,21230,15,0,0.0,2.4129,True,False,False
pypi_python-jose.zip,8,8,False,7.9648,6.5024,False,1,0,34624,20,0,0.0,1.418,True,False,False
pypi_python-jose_3.3.0.zip,8,8,False,7.9642,6.4281,False,1,0,33530,20,0,0.0,0.8709,True,False,False
pypi_python-jose_3.4.0.zip,8,8,False,7.9625,6.6039,False,1,0,34616,20,0,0.0,1.3861,True,False,False
pypi_python-multipart.zip,8,8,False,7.989,7.3688,False,1,0,24579,13,0,0.0,3.8728,True,False,False
pypi_python-multipart_0.0.20.zip,8,8,False,7.9882,7.3688,False,1,0,24546,13,0,0.0,3.8831,True,False,False
pypi_python-multipart_0.0.21.zip,8,8,False,7.9896,7.3688,False,1,0,24541,13,0,0.0,3.8817,True,False,False
pypi_python-pptx.zip,8,8,False,7.9961,7.5615,False,1,0,472788,115,0,0.0,3.6052,True,False,False
pypi_python-pptx_1.0.0.zip,8,8,False,7.9961,7.5376,False,1,0,472287,114,0,0.0,3.2932,True,False,False
pypi_python-pptx_1.0.1.zip,8,8,False,7.9961,7.5399,False,1,0,472402,115,0,0.0,3.6046,True,False,False
pypi_pytz.zip,8,8,False,7.9906,7.9454,False,1,0,510489,616,0,0.0,1.1012,True,False,False
pypi_pytz_2025.2.zip,8,8,False,7.99,7.9489,False,1,0,509225,616,0,0.0,1.1009,True,False,False
pypi_pytz_2026.1.zip,8,8,False,7.9906,7.9461,False,1,0,510294,616,0,0.0,1.1012,True,False,False
pypi_pyvis.zip,8,8,False,7.9982,4.8304,False,1,0,756038,33,0,0.0,2.6194,True,False,False
pypi_pyvis_0.1.9.zip,8,8,False,7.9749,4.8304,False,1,0,23099,19,0,0.0,3.6215,True,False,False
pypi_pyvis_0.2.0.zip,8,8,False,7.9982,4.8304,False,1,0,756048,33,0,0.0,2.6333,True,False,False
pypi_pyyaml.zip,0,0,False,7.9896,-0.0,True,1,0,184227,28,0,0.0,7.7192,False,True,False
pypi_pyyaml_6.0.1.zip,8,8,False,7.9928,7.7059,False,1,0,189447,24,0,0.0,1.0111,True,False,False
pypi_pyyaml_6.0.2.zip,0,0,False,7.9915,-0.0,True,1,0,184199,27,0,0.0,6.4393,False,True,False
pypi_qrcode.zip,8,8,False,7.9627,7.6569,False,1,0,45986,39,0,0.0,4.3264,True,False,False
pypi_qrcode_8.0.zip,8,8,False,7.9666,7.6569,False,1,0,45710,39,0,0.0,4.3224,True,False,False
pypi_qrcode_8.1.zip,8,8,False,7.9679,7.6569,False,1,0,45711,39,0,0.0,4.3236,True,False,False
pypi_ray.zip,8,8,False,7.9997,7.8547,False,1,1,70097079,2611,5,0.0019,3.7594,True,False,True
pypi_ray_2.52.1.zip,8,8,False,7.9996,7.8552,False,1,0,69385176,2563,4,0.0016,3.9418,True,False,False
pypi_ray_2.53.0.zip,8,8,False,7.9997,7.8552,False,1,0,69473649,2546,8,0.0031,3.8276,True,False,False
pypi_redis.zip,8,8,False,7.9953,7.4456,False,1,0,404379,118,0,0.0,2.6678,True,False,False
pypi_redis_7.2.0.zip,8,8,False,7.995,7.4648,False,1,0,394898,116,0,0.0,2.7099,True,False,False
pypi_redis_7.2.1.zip,8,8,False,7.9945,7.4587,False,1,0,396057,116,0,0.0,2.7095,True,False,False
pypi_reportlab.zip,8,8,False,7.998,7.5498,False,1,0,1955400,196,0,0.0,0.1905,True,False,False
pypi_reportlab_4.4.7.zip,8,8,False,7.998,7.5815,False,1,0,1954263,196,0,0.0,0.1916,True,False,False
pypi_reportlab_4.4.9.zip,8,8,False,7.998,7.5073,False,1,0,1954401,196,0,0.0,0.1916,True,False,False
pypi_requests.zip,8,8,False,7.9775,7.7853,False,1,0,64738,23,0,0.0,0.9689,True,False,False
pypi_requests_2.32.3.zip,8,8,False,7.9794,7.7853,False,1,0,64928,23,0,0.0,1.0756,True,False,False
pypi_requests_2.32.4.zip,8,8,False,7.9761,7.7634,False,1,0,64847,23,0,0.0,0.9666,True,False,False
pypi_responses.zip,8,8,False,7.9831,7.9621,False,1,0,35099,10,0,0.0,2.0274,True,False,False
pypi_responses_0.25.7.zip,8,8,False,7.9827,7.9638,False,1,0,34732,10,0,0.0,2.2102,True,False,False
pypi_responses_0.25.8.zip,8,8,False,7.9829,7.9663,False,1,0,34769,10,0,0.0,2.2131,True,False,False
pypi_respx.zip,8,8,False,7.9594,7.0764,False,1,0,25127,20,0,0.0,3.6605,True,False,False
pypi_respx_0.21.0.zip,8,8,False,7.9565,7.0764,False,1,0,25010,20,0,0.0,3.6647,True,False,False
pypi_respx_0.21.1.zip,8,8,False,7.9572,7.0764,False,1,0,25130,20,0,0.0,3.652,True,False,False
pypi_rich-argparse.zip,8,8,False,7.9668,7.0882,False,1,0,25476,17,0,0.0,2.675,True,False,False
pypi_rich-argparse_1.7.0.zip,8,8,False,7.965,7.0882,False,1,0,25339,17,0,0.0,2.6769,True,False,False
pypi_rich-argparse_1.7.1.zip,8,8,False,7.9686,7.0882,False,1,0,25357,17,0,0.0,2.677,True,False,False
pypi_rich.zip,8,8,False,7.99,7.828,False,1,0,310458,105,0,0.0,0.6035,True,False,False
pypi_rich_14.3.1.zip,8,8,False,7.99,7.828,False,1,0,309952,105,0,0.0,0.6035,True,False,False
pypi_rich_14.3.2.zip,8,8,False,7.99,7.828,False,1,0,309963,105,0,0.0,0.6035,True,False,False
pypi_rollbar.zip,8,8,False,7.9812,7.963,False,1,0,117183,98,0,0.0,2.0769,True,False,False
pypi_rollbar_1.1.2.zip,8,8,False,7.9847,7.9696,False,1,0,115317,97,0,0.0,2.0854,True,False,False
pypi_rollbar_1.2.0.zip,8,8,False,7.9812,7.963,False,1,0,116780,98,0,0.0,2.0671,True,False,False
pypi_rq.zip,8,8,False,7.9849,6.7583,False,1,0,115728,45,0,0.0,2.4313,True,False,False
pypi_rq_2.6.0.zip,8,8,False,7.9883,6.7583,False,1,0,112533,43,0,0.0,2.5314,True,False,False
pypi_rq_2.6.1.zip,8,8,False,7.9868,6.7583,False,1,0,112578,43,0,0.0,2.5178,True,False,False
pypi_s3fs.zip,8,8,False,7.9922,6.4004,False,1,0,31328,11,0,0.0,2.2601,True,False,False
pypi_s3fs_2025.12.0.zip,8,8,False,7.9909,6.0431,False,1,0,30726,11,0,0.0,2.2891,True,False,False
pypi_s3fs_2026.1.0.zip,8,8,False,7.9909,6.0431,False,1,0,30713,11,0,0.0,2.2883,True,False,False
pypi_schedule.zip,8,8,False,7.9734,7.9487,False,1,0,12220,8,0,0.0,5.8394,True,False,False
pypi_schedule_1.2.0.zip,8,8,False,7.9703,7.9425,False,1,0,11305,8,0,0.0,5.8391,True,False,False
pypi_schedule_1.2.1.zip,8,8,False,7.9721,7.9451,False,1,0,11320,8,0,0.0,5.8604,True,False,False
pypi_scikit-image.zip,0,0,False,7.998,-0.0,True,2,0,12355510,333,0,0.0,4.5225,False,True,False
pypi_scikit-image_0.26.0rc0.zip,0,0,False,7.998,-0.0,True,2,0,12354500,334,0,0.0,4.6701,False,True,False
pypi_scikit-image_0.26.0rc1.zip,0,0,False,7.998,-0.0,True,2,0,12356484,333,0,0.0,4.5226,False,True,False
pypi_scikit-learn.zip,0,0,False,7.9968,-0.0,True,1,0,8595835,1078,0,0.0,7.7422,False,True,False
pypi_scikit-learn_1.7.2.zip,0,0,False,7.9977,-0.0,True,1,0,9336221,1073,0,0.0,7.7504,False,True,False
pypi_scikit-learn_1.8.0rc1.zip,0,0,False,7.9966,-0.0,True,1,0,8591430,1076,0,0.0,7.7541,False,True,False
pypi_scipy.zip,0,0,False,7.9982,-0.0,True,1,0,31613675,1545,5,0.0032,5.3099,False,True,False
pypi_scipy_1.17.0.zip,0,0,False,7.9982,-0.0,True,1,0,31381316,1545,5,0.0032,5.3097,False,True,False
pypi_scipy_1.17.0rc1.zip,0,0,False,7.9982,-0.0,True,1,0,31376153,1545,5,0.0032,5.3096,False,True,False
pypi_scrapy.zip,8,8,False,7.9736,2.433,False,1,0,332950,192,0,0.0,1.8997,True,False,False
pypi_scrapy_2.14.0.zip,8,8,False,7.9736,2.433,False,1,0,331451,192,0,0.0,1.8998,True,False,False
pypi_scrapy_2.14.1.zip,8,8,False,7.9753,2.433,False,1,0,331706,192,0,0.0,1.9,True,False,False
pypi_seaborn.zip,8,8,False,7.9894,7.1022,False,1,0,294914,58,0,0.0,3.1702,True,False,False
pypi_seaborn_0.13.0.zip,8,8,False,7.9899,7.0905,False,1,0,294583,58,0,0.0,3.1702,True,False,False
pypi_seaborn_0.13.1.zip,8,8,False,7.9897,7.079,False,1,0,294757,58,0,0.0,3.1696,True,False,False
pypi_selenium.zip,8,8,False,7.9984,7.9136,False,1,0,9532858,300,0,0.0,0.6642,True,False,False
pypi_selenium_4.39.0.zip,8,8,False,7.9985,7.9053,False,1,0,9655249,301,0,0.0,0.6633,True,False,False
pypi_selenium_4.40.0.zip,8,8,False,7.9985,7.9136,False,1,0,9608184,300,0,0.0,0.6648,True,False,False
pypi_semantic-release.zip,8,8,False,7.6817,1.0,False,1,0,1950,5,0,0.0,5.972,True,False,False
pypi_sentry-sdk.zip,8,8,False,7.9872,7.4552,False,1,0,439198,196,0,0.0,0.8651,True,False,False
pypi_sentry-sdk_3.0.0a1.zip,8,8,False,7.9848,7.3371,False,1,0,328310,154,0,0.0,1.2376,True,False,False
pypi_sentry-sdk_3.0.0a2.zip,8,8,False,7.9844,7.3371,False,1,0,330704,154,0,0.0,1.2386,True,False,False
pypi_sentry-sdk_3.0.0a3.zip,8,8,False,7.9876,7.3305,False,1,0,344530,168,0,0.0,1.1667,True,False,False
pypi_setuptools.zip,8,8,False,7.9937,6.4788,False,1,0,1006223,439,0,0.0,3.8959,True,False,False
pypi_setuptools_81.0.0.zip,8,8,False,7.9937,6.4788,False,1,0,1062021,458,0,0.0,4.1513,True,False,False
pypi_setuptools_82.0.0.zip,8,8,False,7.9937,6.4788,False,1,0,1003468,439,0,0.0,3.8952,True,False,False
pypi_six.zip,8,8,False,7.9729,7.947,False,1,0,11050,6,0,0.0,3.6507,True,False,False
pypi_six_1.15.0.zip,8,8,False,7.9769,7.9551,False,1,0,10963,6,0,0.0,3.6692,True,False,False
pypi_six_1.16.0.zip,8,8,False,7.9777,7.9568,False,1,0,11053,6,0,0.0,3.65,True,False,False
pypi_sniffio.zip,8,8,False,7.9478,6.6641,False,1,0,10235,13,0,0.0,5.986,True,False,False
pypi_sniffio_1.2.0.zip,8,8,False,7.9478,6.6132,False,1,0,10033,13,0,0.0,5.954,True,False,False
pypi_sniffio_1.3.0.zip,8,8,False,7.9478,6.6573,False,1,0,10165,13,0,0.0,5.9771,True,False,False
pypi_soundfile.zip,8,8,False,7.9842,7.7123,False,1,0,25751,8,0,0.0,5.2441,True,False,False
pypi_soundfile_0.12.1.zip,8,8,False,7.987,7.6902,False,1,0,24030,8,0,0.0,5.1975,True,False,False
pypi_soundfile_0.13.0.zip,8,8,False,7.9858,7.7123,False,1,0,25706,8,0,0.0,5.238,True,False,False
pypi_spacy.zip,0,0,False,7.9965,-0.0,True,1,0,6499016,1218,0,0.0,9.2905,False,True,False
pypi_spacy_4.0.0.dev1.zip,8,8,False,7.996,1.0,False,1,0,6766553,995,0,0.0,3.8013,True,False,False
pypi_spacy_4.0.0.dev2.zip,8,8,False,7.9964,7.9824,False,1,0,6918210,1005,0,0.0,3.8071,True,False,False
pypi_spacy_4.0.0.dev3.zip,0,0,False,7.9963,-0.0,True,1,0,6946927,1177,0,0.0,9.2362,False,True,False
pypi_sphinx.zip,8,8,False,7.995,7.582,False,1,0,3921742,696,0,0.0,0.4872,True,False,False
pypi_sphinx_9.1.0rc1.zip,8,8,False,7.995,7.5524,False,1,0,3918249,696,0,0.0,0.4872,True,False,False
pypi_sphinx_9.1.0rc2.zip,8,8,False,7.995,7.5449,False,1,0,3920944,696,0,0.0,0.4872,True,False,False
pypi_sqlalchemy.zip,0,0,False,7.9957,-0.0,True,1,0,2157384,300,0,0.0,5.1153,False,True,False
pypi_sqlalchemy_2.0.47.zip,0,0,False,7.9957,-0.0,True,1,0,2157331,300,0,0.0,5.1154,False,True,False
pypi_sqlalchemy_2.1.0b1.zip,0,0,False,7.9959,-0.0,True,1,0,2295853,291,0,0.0,4.9147,False,True,False
pypi_sqlmodel.zip,8,8,False,7.9711,7.8829,False,1,0,27224,23,0,0.0,7.4572,True,False,False
pypi_sqlmodel_0.0.35.zip,8,8,False,7.9711,7.881,False,1,0,27221,23,0,0.0,7.4558,True,False,False
pypi_sqlmodel_0.0.36.zip,8,8,False,7.9711,7.8839,False,1,0,27223,23,0,0.0,7.4574,True,False,False
pypi_starlette.zip,8,8,False,7.9719,4.3335,False,1,0,74272,39,0,0.0,1.5339,True,False,False
pypi_starlette_0.52.0.zip,8,8,False,7.9719,4.2433,False,1,0,74238,39,0,0.0,1.5472,True,False,False
pypi_starlette_1.0.0rc1.zip,8,8,False,7.9683,4.4654,False,1,0,72224,39,0,0.0,1.5107,True,False,False
pypi_statsmodels.zip,0,0,False,7.9972,-0.0,True,1,0,10142419,1571,0,0.0,7.6958,False,True,False
pypi_statsmodels_0.14.4.zip,0,0,False,7.9972,-0.0,True,1,0,10216574,1570,0,0.0,7.6741,False,True,False
pypi_statsmodels_0.14.5.zip,0,0,False,7.9972,-0.0,True,1,0,10058241,1571,0,0.0,7.696,False,True,False
pypi_streamlit.zip,8,8,False,7.9995,7.9036,False,1,0,9075714,649,0,0.0,0.31,True,False,False
pypi_streamlit_1.53.1.zip,8,8,False,7.9995,7.9024,False,1,0,9111505,642,0,0.0,0.3089,True,False,False
pypi_streamlit_1.54.0.zip,8,8,False,7.9995,7.8929,False,1,0,9119730,642,0,0.0,0.3099,True,False,False
pypi_structlog.zip,8,8,False,7.9773,7.6338,False,1,0,72510,28,0,0.0,1.9543,True,False,False
pypi_structlog_25.3.0.zip,8,8,False,7.9777,7.6338,False,1,0,68240,28,0,0.0,1.9525,True,False,False
pypi_structlog_25.4.0.zip,8,8,False,7.9782,7.6338,False,1,0,68720,28,0,0.0,1.9523,True,False,False
pypi_sympy.zip,8,8,False,7.9961,7.9117,False,1,0,6299353,1570,0,0.0,2.3737,True,False,False
pypi_sympy_1.14.0rc1.zip,8,8,False,7.9961,7.9117,False,1,0,6299401,1570,0,0.0,2.3736,True,False,False
pypi_sympy_1.14.0rc2.zip,8,8,False,7.9961,7.9117,False,1,0,6299408,1570,0,0.0,2.3727,True,False,False
pypi_tabulate.zip,8,8,False,7.991,7.9824,False,1,0,39814,7,0,0.0,3.1013,True,False,False
pypi_tabulate_0.8.10.zip,8,8,False,7.986,7.9724,False,1,0,29068,7,0,0.0,3.2024,True,False,False
pypi_tabulate_0.9.0.zip,8,8,False,7.9886,7.9774,False,1,0,35252,8,0,0.0,2.8332,True,False,False
pypi_tensorflow.zip,8,8,False,7.9989,7.9934,False,1,0,223229342,12194,0,0.0,0.734,True,False,False
pypi_tensorflow_2.21.0rc0.zip,8,8,False,7.9989,7.9934,False,1,0,223222672,12194,0,0.0,0.7339,True,False,False
pypi_tensorflow_2.21.0rc1.zip,8,8,False,7.9989,7.9934,False,1,0,223230899,12194,0,0.0,0.734,True,False,False
pypi_textblob.zip,8,8,False,7.9975,5.7437,False,1,0,624280,34,0,0.0,0.278,True,False,False
pypi_textblob_0.18.0.post0.zip,8,8,False,7.9975,5.7437,False,1,0,626330,35,0,0.0,0.3091,True,False,False
pypi_textblob_0.18.0.zip,8,8,False,7.9975,5.7437,False,1,0,626277,35,0,0.0,0.3098,True,False,False
pypi_time-machine.zip,0,0,False,7.9514,-0.0,True,1,0,19447,14,0,0.0,10.3188,False,True,False
pypi_time-machine_3.0.0.zip,0,0,False,7.9476,-0.0,True,1,0,19026,14,0,0.0,10.3183,False,True,False
pypi_time-machine_3.1.0.zip,0,0,False,7.9446,-0.0,True,1,0,19046,14,0,0.0,10.3055,False,True,False
pypi_tinytag.zip,8,8,False,7.9879,6.8671,False,1,0,32861,8,0,0.0,4.9199,True,False,False
pypi_tinytag_2.1.1.zip,8,8,False,7.9896,6.8552,False,1,0,31115,8,0,0.0,4.8994,True,False,False
pypi_tinytag_2.1.2.zip,8,8,False,7.9896,6.8885,False,1,0,31499,8,0,0.0,4.9195,True,False,False
pypi_tinytag_2.2.1.zip,8,8,False,7.9892,6.9632,False,1,0,32927,8,0,0.0,4.9097,True,False,False
pypi_tokenizers.zip,8,8,False,7.9934,7.85,False,1,0,3100275,29,0,0.0,0.6068,True,False,False
pypi_tokenizers_0.22.0.zip,8,8,False,7.9915,7.8398,False,1,0,3081954,28,0,0.0,0.6201,True,False,False
pypi_tokenizers_0.22.1.zip,8,8,False,7.9913,7.8311,False,1,0,3069318,28,0,0.0,0.6197,True,False,False
pypi_toml.zip,8,8,False,7.9739,6.9576,False,1,0,16588,10,0,0.0,2.2987,True,False,False
pypi_toml_0.10.0.zip,8,8,False,7.9735,7.9483,False,1,0,25796,13,0,0.0,1.9449,True,False,False
pypi_toml_0.10.1.zip,8,8,False,7.9763,7.8683,False,1,0,19528,13,0,0.0,1.8863,True,False,False
pypi_tomli.zip,0,0,False,7.977,-0.0,True,1,0,153663,18,0,0.0,8.2104,False,True,False
pypi_tomli_2.2.1.zip,0,0,False,7.989,-0.0,True,1,0,131077,18,0,0.0,6.09,False,True,False
pypi_tomli_2.3.0.zip,0,0,False,7.9791,-0.0,True,1,0,153236,18,0,0.0,8.1774,False,True,False
pypi_torch.zip,0,0,False,7.998,-0.0,True,1,0,79411457,12993,0,0.0,3.1432,False,True,False
pypi_torch_2.9.0.zip,0,0,False,7.9979,-0.0,True,1,0,104213554,12327,0,0.0,3.1965,False,True,False
pypi_torch_2.9.1.zip,0,0,False,7.9979,-0.0,True,1,0,104207681,12327,0,0.0,3.1965,False,True,False
pypi_torchvision.zip,0,0,False,7.989,-0.0,True,1,0,1874919,217,0,0.0,4.6987,False,True,False
pypi_torchvision_0.24.0.zip,0,0,False,7.989,-0.0,True,1,0,1891723,217,0,0.0,4.698,False,True,False
pypi_torchvision_0.24.1.zip,0,0,False,7.989,-0.0,True,1,0,1891441,217,0,0.0,4.6977,False,True,False
pypi_tortoise-orm.zip,8,8,False,7.9864,7.9424,False,1,0,267314,140,0,0.0,3.052,True,False,False
pypi_tortoise-orm_1.1.4.zip,8,8,False,7.9864,7.9345,False,1,0,266637,140,0,0.0,3.0524,True,False,False
pypi_tortoise-orm_1.1.5.zip,8,8,False,7.9864,7.9342,False,1,0,266698,140,0,0.0,3.0523,True,False,False
pypi_towncrier.zip,8,8,False,7.9766,6.2111,False,1,0,65101,40,0,0.0,1.4893,True,False,False
pypi_towncrier_24.8.0.zip,8,8,False,7.9756,6.2111,False,1,0,56981,34,0,0.0,1.7235,True,False,False
pypi_towncrier_25.8.0rc2.zip,8,8,False,7.9766,6.2111,False,1,0,65138,40,0,0.0,1.4891,True,False,False
pypi_tox.zip,8,8,False,7.9748,6.2023,False,1,0,206912,131,0,0.0,3.3465,True,False,False
pypi_tox_4.48.1.zip,8,8,False,7.9748,6.2023,False,1,0,205815,131,0,0.0,3.345,True,False,False
pypi_tox_4.49.0.zip,8,8,False,7.9748,6.2023,False,1,0,206768,131,0,0.0,3.3464,True,False,False
pypi_tqdm.zip,8,8,False,7.9866,7.3795,False,1,0,78374,39,0,0.0,1.1323,True,False,False
pypi_tqdm_4.67.1.zip,8,8,False,7.9893,7.3795,False,1,0,78540,40,0,0.0,1.3203,True,False,False
pypi_tqdm_4.67.2.zip,8,8,False,7.9884,7.3795,False,1,0,78354,39,0,0.0,1.1327,True,False,False
pypi_transformers.zip,8,8,False,7.9956,7.9393,False,1,0,10661827,2176,0,0.0,0.1226,True,False,False
pypi_transformers_5.1.0.zip,8,8,False,7.9961,7.9392,False,1,0,10276537,2092,0,0.0,0.1271,True,False,False
pypi_transformers_5.2.0.zip,8,8,False,7.9957,7.936,False,1,0,10403304,2127,0,0.0,0.1249,True,False,False
pypi_twine.zip,8,8,False,7.9512,7.6207,False,1,0,42727,23,0,0.0,2.894,True,False,False
pypi_twine_6.0.1.zip,8,8,False,7.9519,7.5487,False,1,0,39398,22,0,0.0,3.0057,True,False,False
pypi_twine_6.1.0.zip,8,8,False,7.9525,7.5487,False,1,0,40791,23,0,0.0,2.8997,True,False,False
pypi_typer.zip,8,8,False,7.9815,7.9109,False,1,0,56085,22,0,0.0,2.7485,True,False,False
pypi_typer_0.23.2.zip,8,8,False,7.9819,7.9099,False,1,0,56834,22,0,0.0,2.7461,True,False,False
pypi_typer_0.24.0.zip,8,8,False,7.9819,7.9078,False,1,0,56441,22,0,0.0,2.7443,True,False,False
pypi_types-pyyaml.zip,8,8,False,7.9508,7.9052,False,1,0,20338,25,0,0.0,2.2985,True,False,False
pypi_types-pyyaml_6.0.12.20250809.zip,8,8,False,7.9508,7.9052,False,1,0,20277,25,0,0.0,2.2962,True,False,False
pypi_types-pyyaml_6.0.12.20250822.zip,8,8,False,7.9508,7.9052,False,1,0,20314,25,0,0.0,2.2993,True,False,False
pypi_types-redis.zip,8,8,False,7.974,7.1526,False,1,0,58737,59,0,0.0,0.8755,True,False,False
pypi_types-redis_4.6.0.20240819.zip,8,8,False,7.974,7.1526,False,1,0,58720,59,0,0.0,0.8746,True,False,False
pypi_types-redis_4.6.0.20240903.zip,8,8,False,7.974,7.1526,False,1,0,58719,59,0,0.0,0.8753,True,False,False
pypi_types-requests.zip,8,8,False,7.9508,7.1113,False,1,0,20676,24,0,0.0,2.9441,True,False,False
pypi_types-requests_2.32.4.20250809.zip,8,8,False,7.9508,7.1113,False,1,0,20644,24,0,0.0,2.9399,True,False,False
pypi_types-requests_2.32.4.20250913.zip,8,8,False,7.9508,7.1113,False,1,0,20658,24,0,0.0,2.9418,True,False,False
pypi_typing-extensions.zip,8,8,False,7.9927,7.9857,False,1,0,44614,5,0,0.0,0.6998,True,False,False
pypi_typing-extensions_4.14.1.zip,8,8,False,7.9938,7.9877,False,1,0,43906,5,0,0.0,0.698,True,False,False
pypi_typing-extensions_4.15.0rc1.zip,8,8,False,7.9927,7.9857,False,1,0,44640,5,0,0.0,0.7075,True,False,False
pypi_unidecode.zip,8,8,False,7.9714,7.7604,False,1,0,235837,200,0,0.0,0.5822,True,False,False
pypi_unidecode_1.3.7.zip,8,8,False,7.9714,7.7469,False,1,0,235497,200,0,0.0,0.5821,True,False,False
pypi_unidecode_1.3.8.zip,8,8,False,7.9714,7.7469,False,1,0,235494,200,0,0.0,0.5821,True,False,False
pypi_urllib3.zip,8,8,False,7.9837,7.849,False,1,0,131584,42,0,0.0,1.2771,True,False,False
pypi_urllib3_2.6.1.zip,8,8,False,7.9818,7.849,False,1,0,131138,42,0,0.0,1.2779,True,False,False
pypi_urllib3_2.6.2.zip,8,8,False,7.9816,7.849,False,1,0,131182,42,0,0.0,1.2783,True,False,False
pypi_uvicorn.zip,8,8,False,7.9688,6.2093,False,1,0,68783,46,0,0.0,5.7017,True,False,False
pypi_uvicorn_0.39.0.zip,8,8,False,7.9658,6.2079,False,1,0,68491,46,0,0.0,5.6974,True,False,False
pypi_uvicorn_0.40.0.zip,8,8,False,7.9666,6.1711,False,1,0,68502,46,0,0.0,5.6953,True,False,False
pypi_uvicorn_0.42.0.zip,8,8,False,7.9676,6.1901,False,1,0,68830,46,0,0.0,5.7007,True,False,False
pypi_vcrpy.zip,8,8,False,7.9549,6.5736,False,1,0,42445,34,0,0.0,3.1738,True,False,False
pypi_vcrpy_8.0.0.zip,8,8,False,7.9549,6.5736,False,1,0,42576,34,0,0.0,3.2248,True,False,False
pypi_vcrpy_8.1.0.zip,8,8,False,7.9549,6.7536,False,1,0,42748,34,0,0.0,3.1761,True,False,False
pypi_watchfiles.zip,8,8,False,7.9953,7.791,False,1,0,407318,15,0,0.0,1.9119,True,False,False
pypi_watchfiles_1.0.5.zip,8,8,False,7.9955,7.8049,False,1,0,405632,15,0,0.0,1.9325,True,False,False
pypi_watchfiles_1.1.0.zip,8,8,False,7.995,7.7881,False,1,0,405757,15,0,0.0,1.9184,True,False,False
pypi_websockets.zip,0,0,False,7.9853,-0.0,True,1,0,177343,65,0,0.0,7.5203,False,True,False
pypi_websockets_15.0.1.zip,0,0,False,7.9878,-0.0,True,1,0,175423,63,0,0.0,7.0964,False,True,False
pypi_websockets_15.0.zip,0,0,False,7.9878,-0.0,True,1,0,174701,61,0,0.0,7.2635,False,True,False
pypi_werkzeug.zip,8,8,False,7.9847,6.0064,False,1,0,225166,63,0,0.0,2.317,True,False,False
pypi_werkzeug_3.1.4.zip,8,8,False,7.9847,6.0064,False,1,0,224960,63,0,0.0,2.3172,True,False,False
pypi_werkzeug_3.1.5.zip,8,8,False,7.9847,6.0064,False,1,0,225025,63,0,0.0,2.3175,True,False,False
pypi_wheel.zip,8,8,False,7.9686,4.8831,False,1,0,30557,19,0,0.0,0.7536,True,False,False
pypi_wheel_0.46.1.zip,8,8,False,7.9577,4.8831,False,1,0,23058,17,0,0.0,0.9333,True,False,False
pypi_wheel_0.46.2.zip,8,8,False,7.9686,4.8831,False,1,0,29971,18,0,0.0,0.7948,True,False,False
pypi_wrapt.zip,0,0,False,7.9812,-0.0,True,1,0,60669,21,0,0.0,8.3282,False,True,False
pypi_wrapt_2.1.0.dev1.zip,0,0,False,7.9812,-0.0,True,1,0,60083,21,0,0.0,8.3226,False,True,False
pypi_wrapt_2.1.1.zip,0,0,False,7.9812,-0.0,True,1,0,60554,21,0,0.0,8.3221,False,True,False
pypi_wtforms.zip,8,8,False,7.9571,7.4003,False,1,0,152454,89,0,0.0,0.5808,True,False,False
pypi_wtforms_3.1.2.zip,8,8,False,7.9589,5.9155,False,1,0,145961,87,0,0.0,0.7059,True,False,False
pypi_wtforms_3.2.0.zip,8,8,False,7.9571,7.371,False,1,0,152436,89,0,0.0,0.581,True,False,False
pypi_xgboost.zip,0,0,False,7.9923,-0.0,True,1,0,2507014,63,0,0.0,6.183,False,True,False
pypi_xgboost_3.1.2.zip,0,0,False,7.9927,-0.0,True,1,0,2377854,60,0,0.0,6.4366,False,True,False
pypi_xgboost_3.1.3.zip,0,0,False,7.9928,-0.0,True,1,0,2378032,60,0,0.0,6.4353,False,True,False
pypi_xlrd.zip,8,8,False,7.9916,7.8792,False,1,0,96555,16,0,0.0,2.1942,True,False,False
pypi_xlrd_2.0.0.zip,8,8,False,7.9916,7.8792,False,1,0,95654,16,0,0.0,2.1783,True,False,False
pypi_xlrd_2.0.1.zip,8,8,False,7.9916,7.8792,False,1,0,96531,16,0,0.0,2.174,True,False,False
pypi_xlwt.zip,8,8,False,7.9891,7.9785,False,1,0,99981,26,0,0.0,1.1431,True,False,False
pypi_xlwt_1.1.2.zip,8,8,False,7.9903,7.981,False,1,0,99861,26,0,0.0,1.1416,True,False,False
pypi_xlwt_1.2.0.zip,8,8,False,7.9903,7.981,False,1,0,99940,26,0,0.0,1.1423,True,False,False
pypi_zarr.zip,8,8,False,7.9916,7.7668,False,1,0,284067,100,0,0.0,2.7859,True,False,False
pypi_zarr_3.1.3.zip,8,8,False,7.9922,7.7668,False,1,0,276427,97,0,0.0,2.8531,True,False,False
pypi_zarr_3.1.4.zip,8,8,False,7.9916,7.7668,False,1,0,284070,100,0,0.0,2.7861,True,False,False
small_benign_0000.zip,8,8,False,7.704,7.5346,False,1,0,852,1,0,0.0,0.0,True,False,False
small_benign_0001.zip,8,8,False,7.5735,7.3849,False,1,0,614,1,0,0.0,0.0,True,False,False
small_benign_0002.zip,8,8,False,7.524,7.3483,False,1,0,548,1,0,0.0,0.0,True,False,False
small_benign_0003.zip,8,8,False,7.7272,7.564,False,1,0,922,1,0,0.0,0.0,True,False,False
small_benign_0004.zip,8,8,False,7.7173,7.5592,False,1,0,740,1,0,0.0,0.0,True,False,False
small_benign_0005.zip,8,8,False,7.7642,7.6073,False,1,0,884,1,0,0.0,0.0,True,False,False
small_benign_0006.zip,8,8,False,7.7751,7.6212,False,1,0,964,1,0,0.0,0.0,True,False,False
small_benign_0007.zip,8,8,False,6.9187,6.7583,False,1,0,323,1,0,0.0,0.0,True,False,False
small_benign_0008.zip,8,8,False,7.7083,7.5572,False,1,0,895,1,0,0.0,0.0,True,False,False
small_benign_0009.zip,8,8,False,7.6985,7.5245,False,1,0,881,1,0,0.0,0.0,True,False,False
small_benign_0010.zip,8,8,False,7.7389,7.5837,False,1,0,939,1,0,0.0,0.0,True,False,False
small_benign_0011.zip,8,8,False,7.6276,7.4736,False,1,0,778,1,0,0.0,0.0,True,False,False
small_benign_0012.zip,8,8,False,7.7441,7.6069,False,1,0,813,1,0,0.0,0.0,True,False,False
small_benign_0013.zip,8,8,False,7.6482,7.463,False,1,0,819,1,0,0.0,0.0,True,False,False
small_benign_0014.zip,8,8,False,7.7412,7.5693,False,1,0,939,1,0,0.0,0.0,True,False,False
small_benign_0015.zip,8,8,False,7.4807,7.3065,False,1,0,513,1,0,0.0,0.0,True,False,False
small_benign_0016.zip,8,8,False,7.627,7.4582,False,1,0,688,1,0,0.0,0.0,True,False,False
small_benign_0017.zip,8,8,False,7.4584,7.2903,False,1,0,530,1,0,0.0,0.0,True,False,False
small_benign_0018.zip,8,8,False,7.5155,7.3356,False,1,0,592,1,0,0.0,0.0,True,False,False
small_benign_0019.zip,8,8,False,7.6307,7.4365,False,1,0,738,1,0,0.0,0.0,True,False,False
small_benign_0020.zip,8,8,False,7.631,7.4514,False,1,0,663,1,0,0.0,0.0,True,False,False
small_benign_0021.zip,8,8,False,7.6425,7.4937,False,1,0,692,1,0,0.0,0.0,True,False,False
small_benign_0022.zip,8,8,False,7.6578,7.4926,False,1,0,743,1,0,0.0,0.0,True,False,False
small_benign_0023.zip,8,8,False,7.2056,6.9805,False,1,0,410,1,0,0.0,0.0,True,False,False
small_benign_0024.zip,8,8,False,7.7235,7.5524,False,1,0,931,1,0,0.0,0.0,True,False,False
small_benign_0025.zip,8,8,False,7.3932,7.1937,False,1,0,510,1,0,0.0,0.0,True,False,False
small_benign_0026.zip,8,8,False,7.6246,7.458,False,1,0,668,1,0,0.0,0.0,True,False,False
small_benign_0027.zip,8,8,False,7.3245,7.1559,False,1,0,445,1,0,0.0,0.0,True,False,False
small_benign_0028.zip,8,8,False,7.6474,7.466,False,1,0,709,1,0,0.0,0.0,True,False,False
small_benign_0029.zip,8,8,False,6.9154,6.7427,False,1,0,340,1,0,0.0,0.0,True,False,False
small_benign_0030.zip,8,8,False,6.1143,6.0015,False,1,0,225,1,0,0.0,0.0,True,False,False
small_benign_0031.zip,8,8,False,7.4946,7.3181,False,1,0,554,1,0,0.0,0.0,True,False,False
small_benign_0032.zip,8,8,False,7.034,6.9228,False,1,0,325,1,0,0.0,0.0,True,False,False
small_benign_0033.zip,8,8,False,7.4735,7.272,False,1,0,536,1,0,0.0,0.0,True,False,False
small_benign_0034.zip,8,8,False,7.3763,7.2051,False,1,0,476,1,0,0.0,0.0,True,False,False
small_benign_0035.zip,8,8,False,7.4124,7.2153,False,1,0,514,1,0,0.0,0.0,True,False,False
small_benign_0036.zip,8,8,False,6.8113,6.6627,False,1,0,304,1,0,0.0,0.0,True,False,False
small_benign_0037.zip,8,8,False,7.769,7.5981,False,1,0,908,1,0,0.0,0.0,True,False,False
small_benign_0038.zip,8,8,False,7.7027,7.5594,False,1,0,804,1,0,0.0,0.0,True,False,False
small_benign_0039.zip,8,8,False,6.506,6.3888,False,1,0,251,1,0,0.0,0.0,True,False,False
small_benign_0040.zip,8,8,False,7.5899,7.4107,False,1,0,658,1,0,0.0,0.0,True,False,False
small_benign_0041.zip,8,8,False,7.6574,7.4797,False,1,0,804,1,0,0.0,0.0,True,False,False
small_benign_0042.zip,8,8,False,7.7517,7.5798,False,1,0,945,1,0,0.0,0.0,True,False,False
small_benign_0043.zip,8,8,False,7.6569,7.4934,False,1,0,853,1,0,0.0,0.0,True,False,False
small_benign_0044.zip,8,8,False,7.515,7.3225,False,1,0,573,1,0,0.0,0.0,True,False,False
small_benign_0045.zip,8,8,False,7.7638,7.6347,False,1,0,939,1,0,0.0,0.0,True,False,False
small_benign_0046.zip,8,8,False,7.1819,7.0184,False,1,0,400,1,0,0.0,0.0,True,False,False
small_benign_0047.zip,8,8,False,7.1089,6.9398,False,1,0,366,1,0,0.0,0.0,True,False,False
small_benign_0048.zip,8,8,False,7.7221,7.5638,False,1,0,897,1,0,0.0,0.0,True,False,False
small_benign_0049.zip,8,8,False,7.6936,7.5405,False,1,0,903,1,0,0.0,0.0,True,False,False
small_benign_0050.zip,8,8,False,7.0067,6.854,False,1,0,340,1,0,0.0,0.0,True,False,False
small_benign_0051.zip,8,8,False,7.687,7.5315,False,1,0,844,1,0,0.0,0.0,True,False,False
small_benign_0052.zip,8,8,False,7.6601,7.4893,False,1,0,675,1,0,0.0,0.0,True,False,False
small_benign_0053.zip,8,8,False,7.6548,7.4841,False,1,0,744,1,0,0.0,0.0,True,False,False
small_benign_0054.zip,8,8,False,7.7348,7.5714,False,1,0,868,1,0,0.0,0.0,True,False,False
small_benign_0055.zip,8,8,False,7.5694,7.4014,False,1,0,667,1,0,0.0,0.0,True,False,False
small_benign_0056.zip,8,8,False,7.7131,7.5623,False,1,0,903,1,0,0.0,0.0,True,False,False
small_benign_0057.zip,8,8,False,7.6302,7.4485,False,1,0,775,1,0,0.0,0.0,True,False,False
small_benign_0058.zip,8,8,False,7.544,7.3519,False,1,0,569,1,0,0.0,0.0,True,False,False
small_benign_0059.zip,8,8,False,7.6305,7.4658,False,1,0,676,1,0,0.0,0.0,True,False,False
small_benign_0060.zip,8,8,False,7.1296,6.9784,False,1,0,348,1,0,0.0,0.0,True,False,False
small_benign_0061.zip,8,8,False,7.3791,7.1797,False,1,0,499,1,0,0.0,0.0,True,False,False
small_benign_0062.zip,8,8,False,7.7109,7.5435,False,1,0,892,1,0,0.0,0.0,True,False,False
small_benign_0063.zip,8,8,False,7.5818,7.3989,False,1,0,616,1,0,0.0,0.0,True,False,False
small_benign_0064.zip,8,8,False,7.5448,7.3485,False,1,0,632,1,0,0.0,0.0,True,False,False
small_benign_0065.zip,8,8,False,7.4921,7.3191,False,1,0,529,1,0,0.0,0.0,True,False,False
small_benign_0066.zip,8,8,False,7.5477,7.3957,False,1,0,586,1,0,0.0,0.0,True,False,False
small_benign_0067.zip,8,8,False,7.2693,7.1196,False,1,0,397,1,0,0.0,0.0,True,False,False
small_benign_0068.zip,8,8,False,7.7431,7.5873,False,1,0,888,1,0,0.0,0.0,True,False,False
small_benign_0069.zip,8,8,False,7.4061,7.2535,False,1,0,484,1,0,0.0,0.0,True,False,False
small_benign_0070.zip,8,8,False,6.7358,6.5995,False,1,0,292,1,0,0.0,0.0,True,False,False
small_benign_0071.zip,8,8,False,7.7329,7.5759,False,1,0,850,1,0,0.0,0.0,True,False,False
small_benign_0072.zip,8,8,False,7.5885,7.4436,False,1,0,569,1,0,0.0,0.0,True,False,False
small_benign_0073.zip,8,8,False,7.6678,7.5058,False,1,0,740,1,0,0.0,0.0,True,False,False
small_benign_0074.zip,8,8,False,7.4638,7.3118,False,1,0,501,1,0,0.0,0.0,True,False,False
small_benign_0075.zip,8,8,False,6.2622,6.1664,False,1,0,229,1,0,0.0,0.0,True,False,False
small_benign_0076.zip,8,8,False,7.229,7.0739,False,1,0,432,1,0,0.0,0.0,True,False,False
small_benign_0077.zip,8,8,False,7.4973,7.3001,False,1,0,554,1,0,0.0,0.0,True,False,False
small_benign_0078.zip,8,8,False,7.5138,7.3321,False,1,0,577,1,0,0.0,0.0,True,False,False
small_benign_0079.zip,8,8,False,7.0644,6.9131,False,1,0,346,1,0,0.0,0.0,True,False,False
small_benign_0080.zip,8,8,False,7.7637,7.6276,False,1,0,902,1,0,0.0,0.0,True,False,False
small_benign_0081.zip,8,8,False,7.5907,7.4133,False,1,0,638,1,0,0.0,0.0,True,False,False
small_benign_0082.zip,8,8,False,7.6761,7.4703,False,1,0,773,1,0,0.0,0.0,True,False,False
small_benign_0083.zip,8,8,False,7.6344,7.4554,False,1,0,747,1,0,0.0,0.0,True,False,False
small_benign_0084.zip,8,8,False,7.5541,7.3731,False,1,0,607,1,0,0.0,0.0,True,False,False
small_benign_0085.zip,8,8,False,7.76,7.6005,False,1,0,946,1,0,0.0,0.0,True,False,False
small_benign_0086.zip,8,8,False,7.5086,7.3354,False,1,0,559,1,0,0.0,0.0,True,False,False
small_benign_0087.zip,8,8,False,7.4924,7.3471,False,1,0,555,1,0,0.0,0.0,True,False,False
small_benign_0088.zip,8,8,False,7.6823,7.5133,False,1,0,772,1,0,0.0,0.0,True,False,False
small_benign_0089.zip,8,8,False,7.7459,7.5968,False,1,0,935,1,0,0.0,0.0,True,False,False
small_benign_0090.zip,8,8,False,7.4372,7.2672,False,1,0,490,1,0,0.0,0.0,True,False,False
small_benign_0091.zip,8,8,False,7.6534,7.4861,False,1,0,726,1,0,0.0,0.0,True,False,False
small_benign_0092.zip,8,8,False,7.0235,6.8652,False,1,0,338,1,0,0.0,0.0,True,False,False
small_benign_0093.zip,8,8,False,7.6151,7.4557,False,1,0,671,1,0,0.0,0.0,True,False,False
small_benign_0094.zip,8,8,False,6.7934,6.6463,False,1,0,294,1,0,0.0,0.0,True,False,False
small_benign_0095.zip,8,8,False,7.717,7.5454,False,1,0,830,1,0,0.0,0.0,True,False,False
small_benign_0096.zip,8,8,False,7.4358,7.2585,False,1,0,588,1,0,0.0,0.0,True,False,False
small_benign_0097.zip,8,8,False,7.7139,7.5509,False,1,0,764,1,0,0.0,0.0,True,False,False
small_benign_0098.zip,8,8,False,7.6465,7.4717,False,1,0,696,1,0,0.0,0.0,True,False,False
small_benign_0099.zip,8,8,False,7.6428,7.4742,False,1,0,749,1,0,0.0,0.0,True,False,False
small_benign_0100.zip,8,8,False,7.6865,7.4957,False,1,0,819,1,0,0.0,0.0,True,False,False
small_benign_0101.zip,8,8,False,7.3467,7.2157,False,1,0,420,1,0,0.0,0.0,True,False,False
small_benign_0102.zip,8,8,False,7.7129,7.5279,False,1,0,906,1,0,0.0,0.0,True,False,False
small_benign_0103.zip,8,8,False,7.0826,6.9023,False,1,0,354,1,0,0.0,0.0,True,False,False
small_benign_0104.zip,8,8,False,7.6459,7.4934,False,1,0,661,1,0,0.0,0.0,True,False,False
small_benign_0105.zip,8,8,False,7.74,7.5852,False,1,0,853,1,0,0.0,0.0,True,False,False
small_benign_0106.zip,8,8,False,7.069,6.9009,False,1,0,372,1,0,0.0,0.0,True,False,False
small_benign_0107.zip,8,8,False,7.7626,7.6111,False,1,0,910,1,0,0.0,0.0,True,False,False
small_benign_0108.zip,8,8,False,7.6544,7.4739,False,1,0,717,1,0,0.0,0.0,True,False,False
small_benign_0109.zip,8,8,False,7.6659,7.5108,False,1,0,774,1,0,0.0,0.0,True,False,False
small_benign_0110.zip,8,8,False,6.5013,6.3852,False,1,0,255,1,0,0.0,0.0,True,False,False
small_benign_0111.zip,8,8,False,7.7022,7.5421,False,1,0,799,1,0,0.0,0.0,True,False,False
small_benign_0112.zip,8,8,False,7.3357,7.1142,False,1,0,507,1,0,0.0,0.0,True,False,False
small_benign_0113.zip,8,8,False,6.7367,6.5983,False,1,0,277,1,0,0.0,0.0,True,False,False
small_benign_0114.zip,8,8,False,7.6624,7.4935,False,1,0,825,1,0,0.0,0.0,True,False,False
small_benign_0115.zip,8,8,False,7.6169,7.4587,False,1,0,704,1,0,0.0,0.0,True,False,False
small_benign_0116.zip,8,8,False,7.6903,7.5253,False,1,0,859,1,0,0.0,0.0,True,False,False
small_benign_0117.zip,8,8,False,6.3608,6.2052,False,1,0,242,1,0,0.0,0.0,True,False,False
small_benign_0118.zip,8,8,False,6.7833,6.6506,False,1,0,285,1,0,0.0,0.0,True,False,False
small_benign_0119.zip,8,8,False,7.6776,7.5377,False,1,0,710,1,0,0.0,0.0,True,False,False
small_benign_0120.zip,8,8,False,7.4201,7.2467,False,1,0,525,1,0,0.0,0.0,True,False,False
small_benign_0121.zip,8,8,False,7.5005,7.3498,False,1,0,524,1,0,0.0,0.0,True,False,False
small_benign_0122.zip,8,8,False,7.6418,7.4505,False,1,0,710,1,0,0.0,0.0,True,False,False
small_benign_0123.zip,8,8,False,7.2268,7.0603,False,1,0,437,1,0,0.0,0.0,True,False,False
small_benign_0124.zip,8,8,False,7.316,7.1456,False,1,0,440,1,0,0.0,0.0,True,False,False
small_benign_0125.zip,8,8,False,7.5992,7.4383,False,1,0,592,1,0,0.0,0.0,True,False,False
small_benign_0126.zip,8,8,False,7.6913,7.5216,False,1,0,886,1,0,0.0,0.0,True,False,False
small_benign_0127.zip,8,8,False,7.7689,7.6343,False,1,0,899,1,0,0.0,0.0,True,False,False
small_benign_0128.zip,8,8,False,7.7374,7.5868,False,1,0,915,1,0,0.0,0.0,True,False,False
small_benign_0129.zip,8,8,False,7.7195,7.5401,False,1,0,838,1,0,0.0,0.0,True,False,False
small_benign_0130.zip,8,8,False,7.3904,7.1747,False,1,0,520,1,0,0.0,0.0,True,False,False
small_benign_0131.zip,8,8,False,7.655,7.4732,False,1,0,725,1,0,0.0,0.0,True,False,False
small_benign_0132.zip,8,8,False,7.4463,7.2752,False,1,0,524,1,0,0.0,0.0,True,False,False
small_benign_0133.zip,8,8,False,7.4908,7.3101,False,1,0,572,1,0,0.0,0.0,True,False,False
small_benign_0134.zip,8,8,False,7.5711,7.3984,False,1,0,646,1,0,0.0,0.0,True,False,False
small_benign_0135.zip,8,8,False,7.5036,7.2936,False,1,0,600,1,0,0.0,0.0,True,False,False
small_benign_0136.zip,8,8,False,6.9674,6.8095,False,1,0,327,1,0,0.0,0.0,True,False,False
small_benign_0137.zip,8,8,False,7.6449,7.483,False,1,0,733,1,0,0.0,0.0,True,False,False
small_benign_0138.zip,8,8,False,7.4745,7.3108,False,1,0,548,1,0,0.0,0.0,True,False,False
small_benign_0139.zip,8,8,False,7.7602,7.5989,False,1,0,895,1,0,0.0,0.0,True,False,False
small_benign_0140.zip,8,8,False,7.5952,7.4429,False,1,0,654,1,0,0.0,0.0,True,False,False
small_benign_0141.zip,8,8,False,7.5864,7.4065,False,1,0,667,1,0,0.0,0.0,True,False,False
small_benign_0142.zip,8,8,False,7.1168,6.9441,False,1,0,370,1,0,0.0,0.0,True,False,False
small_benign_0143.zip,8,8,False,6.9263,6.7806,False,1,0,329,1,0,0.0,0.0,True,False,False
small_benign_0144.zip,8,8,False,7.1056,6.906,False,1,0,381,1,0,0.0,0.0,True,False,False
small_benign_0145.zip,8,8,False,7.2955,7.1308,False,1,0,449,1,0,0.0,0.0,True,False,False
small_benign_0146.zip,8,8,False,7.1528,7.0082,False,1,0,367,1,0,0.0,0.0,True,False,False
small_benign_0147.zip,8,8,False,7.4209,7.2611,False,1,0,495,1,0,0.0,0.0,True,False,False
small_benign_0148.zip,8,8,False,7.6734,7.5255,False,1,0,850,1,0,0.0,0.0,True,False,False
small_benign_0149.zip,8,8,False,7.7592,7.6149,False,1,0,856,1,0,0.0,0.0,True,False,False
small_benign_0150.zip,8,8,False,7.6205,7.4329,False,1,0,677,1,0,0.0,0.0,True,False,False
small_benign_0151.zip,8,8,False,7.7095,7.567,False,1,0,772,1,0,0.0,0.0,True,False,False
small_benign_0152.zip,8,8,False,7.598,7.4255,False,1,0,553,1,0,0.0,0.0,True,False,False
small_benign_0153.zip,8,8,False,6.9182,6.7245,False,1,0,329,1,0,0.0,0.0,True,False,False
small_benign_0154.zip,8,8,False,7.7151,7.5681,False,1,0,826,1,0,0.0,0.0,True,False,False
small_benign_0155.zip,8,8,False,7.3827,7.1858,False,1,0,479,1,0,0.0,0.0,True,False,False
small_benign_0156.zip,8,8,False,7.4954,7.3265,False,1,0,547,1,0,0.0,0.0,True,False,False
small_benign_0157.zip,8,8,False,7.6956,7.5275,False,1,0,942,1,0,0.0,0.0,True,False,False
small_benign_0158.zip,8,8,False,7.3716,7.1636,False,1,0,488,1,0,0.0,0.0,True,False,False
small_benign_0159.zip,8,8,False,7.4627,7.2559,False,1,0,528,1,0,0.0,0.0,True,False,False
small_benign_0160.zip,8,8,False,7.4614,7.3069,False,1,0,567,1,0,0.0,0.0,True,False,False
small_benign_0161.zip,8,8,False,7.3371,7.1637,False,1,0,473,1,0,0.0,0.0,True,False,False
small_benign_0162.zip,8,8,False,7.3819,7.1304,False,1,0,515,1,0,0.0,0.0,True,False,False
small_benign_0163.zip,8,8,False,7.6609,7.4955,False,1,0,742,1,0,0.0,0.0,True,False,False
small_benign_0164.zip,8,8,False,7.6196,7.4464,False,1,0,721,1,0,0.0,0.0,True,False,False
small_benign_0165.zip,8,8,False,7.7443,7.6049,False,1,0,922,1,0,0.0,0.0,True,False,False
small_benign_0166.zip,8,8,False,7.367,7.2148,False,1,0,454,1,0,0.0,0.0,True,False,False
small_benign_0167.zip,8,8,False,6.2581,6.1354,False,1,0,234,1,0,0.0,0.0,True,False,False
small_benign_0168.zip,8,8,False,7.726,7.5687,False,1,0,901,1,0,0.0,0.0,True,False,False
small_benign_0169.zip,8,8,False,7.3674,7.1703,False,1,0,522,1,0,0.0,0.0,True,False,False
small_benign_0170.zip,8,8,False,7.5738,7.3837,False,1,0,631,1,0,0.0,0.0,True,False,False
small_benign_0171.zip,8,8,False,7.4924,7.3197,False,1,0,558,1,0,0.0,0.0,True,False,False
small_benign_0172.zip,8,8,False,6.4174,6.274,False,1,0,245,1,0,0.0,0.0,True,False,False
small_benign_0173.zip,8,8,False,7.7346,7.5759,False,1,0,842,1,0,0.0,0.0,True,False,False
small_benign_0174.zip,8,8,False,7.7276,7.5594,False,1,0,890,1,0,0.0,0.0,True,False,False
small_benign_0175.zip,8,8,False,7.6594,7.481,False,1,0,748,1,0,0.0,0.0,True,False,False
small_benign_0176.zip,8,8,False,7.1558,6.986,False,1,0,374,1,0,0.0,0.0,True,False,False
small_benign_0177.zip,8,8,False,7.6285,7.456,False,1,0,686,1,0,0.0,0.0,True,False,False
small_benign_0178.zip,8,8,False,7.7435,7.6016,False,1,0,945,1,0,0.0,0.0,True,False,False
small_benign_0179.zip,8,8,False,7.4341,7.255,False,1,0,504,1,0,0.0,0.0,True,False,False
small_benign_0180.zip,8,8,False,7.7105,7.5548,False,1,0,815,1,0,0.0,0.0,True,False,False
small_benign_0181.zip,8,8,False,6.3323,6.1876,False,1,0,241,1,0,0.0,0.0,True,False,False
small_benign_0182.zip,8,8,False,6.7147,6.5807,False,1,0,287,1,0,0.0,0.0,True,False,False
small_benign_0183.zip,8,8,False,7.4306,7.2816,False,1,0,513,1,0,0.0,0.0,True,False,False
small_benign_0184.zip,8,8,False,6.5847,6.4602,False,1,0,261,1,0,0.0,0.0,True,False,False
small_benign_0185.zip,8,8,False,7.6908,7.5464,False,1,0,916,1,0,0.0,0.0,True,False,False
small_benign_0186.zip,8,8,False,7.4088,7.2489,False,1,0,472,1,0,0.0,0.0,True,False,False
small_benign_0187.zip,8,8,False,7.2588,7.0869,False,1,0,432,1,0,0.0,0.0,True,False,False
small_benign_0188.zip,8,8,False,7.4868,7.2889,False,1,0,575,1,0,0.0,0.0,True,False,False
small_benign_0189.zip,8,8,False,7.7041,7.5475,False,1,0,813,1,0,0.0,0.0,True,False,False
small_benign_0190.zip,8,8,False,7.714,7.5511,False,1,0,912,1,0,0.0,0.0,True,False,False
small_benign_0191.zip,8,8,False,7.4817,7.3051,False,1,0,535,1,0,0.0,0.0,True,False,False
small_benign_0192.zip,8,8,False,7.7154,7.5578,False,1,0,835,1,0,0.0,0.0,True,False,False
small_benign_0193.zip,8,8,False,7.6574,7.4798,False,1,0,746,1,0,0.0,0.0,True,False,False
small_benign_0194.zip,8,8,False,7.694,7.5253,False,1,0,859,1,0,0.0,0.0,True,False,False
small_benign_0195.zip,8,8,False,7.735,7.576,False,1,0,897,1,0,0.0,0.0,True,False,False
small_benign_0196.zip,8,8,False,7.5512,7.3677,False,1,0,636,1,0,0.0,0.0,True,False,False
small_benign_0197.zip,8,8,False,7.7195,7.5538,False,1,0,892,1,0,0.0,0.0,True,False,False
small_benign_0198.zip,8,8,False,7.6153,7.4463,False,1,0,672,1,0,0.0,0.0,True,False,False
small_benign_0199.zip,8,8,False,7.5893,7.4109,False,1,0,609,1,0,0.0,0.0,True,False,False
small_benign_0200.zip,8,8,False,7.2144,7.0481,False,1,0,410,1,0,0.0,0.0,True,False,False
small_benign_0201.zip,8,8,False,7.7172,7.5417,False,1,0,836,1,0,0.0,0.0,True,False,False
small_benign_0202.zip,8,8,False,6.4563,6.3765,False,1,0,241,1,0,0.0,0.0,True,False,False
small_benign_0203.zip,8,8,False,7.5886,7.4225,False,1,0,648,1,0,0.0,0.0,True,False,False
small_benign_0204.zip,8,8,False,7.7187,7.5445,False,1,0,883,1,0,0.0,0.0,True,False,False
small_benign_0205.zip,8,8,False,7.7001,7.5545,False,1,0,767,1,0,0.0,0.0,True,False,False
small_benign_0206.zip,8,8,False,7.5874,7.383,False,1,0,603,1,0,0.0,0.0,True,False,False
small_benign_0207.zip,8,8,False,7.6576,7.5001,False,1,0,716,1,0,0.0,0.0,True,False,False
small_benign_0208.zip,8,8,False,7.4252,7.2348,False,1,0,480,1,0,0.0,0.0,True,False,False
small_benign_0209.zip,8,8,False,7.5254,7.3511,False,1,0,663,1,0,0.0,0.0,True,False,False
small_benign_0210.zip,8,8,False,7.7161,7.5656,False,1,0,876,1,0,0.0,0.0,True,False,False
small_benign_0211.zip,8,8,False,7.5991,7.4152,False,1,0,638,1,0,0.0,0.0,True,False,False
small_benign_0212.zip,8,8,False,7.6235,7.4669,False,1,0,627,1,0,0.0,0.0,True,False,False
small_benign_0213.zip,8,8,False,7.3705,7.211,False,1,0,468,1,0,0.0,0.0,True,False,False
small_benign_0214.zip,8,8,False,7.6211,7.4515,False,1,0,677,1,0,0.0,0.0,True,False,False
small_benign_0215.zip,8,8,False,7.5179,7.3526,False,1,0,584,1,0,0.0,0.0,True,False,False
small_benign_0216.zip,8,8,False,7.4171,7.2462,False,1,0,458,1,0,0.0,0.0,True,False,False
small_benign_0217.zip,8,8,False,7.5672,7.3774,False,1,0,598,1,0,0.0,0.0,True,False,False
small_benign_0218.zip,8,8,False,7.6856,7.5341,False,1,0,759,1,0,0.0,0.0,True,False,False
small_benign_0219.zip,8,8,False,7.4981,7.3275,False,1,0,551,1,0,0.0,0.0,True,False,False
small_benign_0220.zip,8,8,False,7.5891,7.39,False,1,0,625,1,0,0.0,0.0,True,False,False
small_benign_0221.zip,8,8,False,7.5935,7.4077,False,1,0,730,1,0,0.0,0.0,True,False,False
small_benign_0222.zip,8,8,False,7.683,7.516,False,1,0,816,1,0,0.0,0.0,True,False,False
small_benign_0223.zip,8,8,False,6.8999,6.7631,False,1,0,311,1,0,0.0,0.0,True,False,False
small_benign_0224.zip,8,8,False,7.1857,7.0013,False,1,0,396,1,0,0.0,0.0,True,False,False
small_benign_0225.zip,8,8,False,7.7625,7.6054,False,1,0,923,1,0,0.0,0.0,True,False,False
small_benign_0226.zip,8,8,False,6.9123,6.7187,False,1,0,324,1,0,0.0,0.0,True,False,False
small_benign_0227.zip,8,8,False,7.6846,7.5291,False,1,0,886,1,0,0.0,0.0,True,False,False
small_benign_0228.zip,8,8,False,6.4621,6.3085,False,1,0,256,1,0,0.0,0.0,True,False,False
small_benign_0229.zip,8,8,False,7.652,7.4865,False,1,0,708,1,0,0.0,0.0,True,False,False
small_benign_0230.zip,8,8,False,7.4502,7.2723,False,1,0,500,1,0,0.0,0.0,True,False,False
small_benign_0231.zip,8,8,False,7.2,7.0284,False,1,0,410,1,0,0.0,0.0,True,False,False
small_benign_0232.zip,8,8,False,6.1064,5.9945,False,1,0,218,1,0,0.0,0.0,True,False,False
small_benign_0233.zip,8,8,False,7.456,7.2845,False,1,0,558,1,0,0.0,0.0,True,False,False
small_benign_0234.zip,8,8,False,7.0354,6.8549,False,1,0,363,1,0,0.0,0.0,True,False,False
small_benign_0235.zip,8,8,False,7.7175,7.5512,False,1,0,849,1,0,0.0,0.0,True,False,False
small_benign_0236.zip,8,8,False,7.657,7.4945,False,1,0,733,1,0,0.0,0.0,True,False,False
small_benign_0237.zip,8,8,False,7.5905,7.3798,False,1,0,644,1,0,0.0,0.0,True,False,False
small_benign_0238.zip,8,8,False,7.6337,7.4519,False,1,0,669,1,0,0.0,0.0,True,False,False
small_benign_0239.zip,8,8,False,7.2119,7.0537,False,1,0,405,1,0,0.0,0.0,True,False,False
small_benign_0240.zip,8,8,False,7.6874,7.5132,False,1,0,865,1,0,0.0,0.0,True,False,False
small_benign_0241.zip,8,8,False,6.1093,5.9986,False,1,0,217,1,0,0.0,0.0,True,False,False
small_benign_0242.zip,8,8,False,7.6858,7.5295,False,1,0,810,1,0,0.0,0.0,True,False,False
small_benign_0243.zip,8,8,False,7.5733,7.3689,False,1,0,584,1,0,0.0,0.0,True,False,False
small_benign_0244.zip,8,8,False,7.1914,7.0428,False,1,0,382,1,0,0.0,0.0,True,False,False
small_benign_0245.zip,8,8,False,7.1491,6.984,False,1,0,392,1,0,0.0,0.0,True,False,False
small_benign_0246.zip,8,8,False,6.8274,6.6748,False,1,0,328,1,0,0.0,0.0,True,False,False
small_benign_0247.zip,8,8,False,7.701,7.539,False,1,0,749,1,0,0.0,0.0,True,False,False
small_benign_0248.zip,8,8,False,7.1138,6.9248,False,1,0,374,1,0,0.0,0.0,True,False,False
small_benign_0249.zip,8,8,False,7.6496,7.4725,False,1,0,779,1,0,0.0,0.0,True,False,False
small_benign_0250.zip,8,8,False,7.4988,7.3424,False,1,0,564,1,0,0.0,0.0,True,False,False
small_benign_0251.zip,8,8,False,7.6599,7.5062,False,1,0,738,1,0,0.0,0.0,True,False,False
small_benign_0252.zip,8,8,False,6.9589,6.8161,False,1,0,321,1,0,0.0,0.0,True,False,False
small_benign_0253.zip,8,8,False,6.3136,6.2071,False,1,0,230,1,0,0.0,0.0,True,False,False
small_benign_0254.zip,8,8,False,7.7425,7.5827,False,1,0,919,1,0,0.0,0.0,True,False,False
small_benign_0255.zip,8,8,False,7.6867,7.5335,False,1,0,743,1,0,0.0,0.0,True,False,False
small_benign_0256.zip,8,8,False,7.3292,7.1498,False,1,0,459,1,0,0.0,0.0,True,False,False
small_benign_0257.zip,8,8,False,6.4047,6.2859,False,1,0,238,1,0,0.0,0.0,True,False,False
small_benign_0258.zip,8,8,False,7.5195,7.3418,False,1,0,555,1,0,0.0,0.0,True,False,False
small_benign_0259.zip,8,8,False,7.6705,7.5058,False,1,0,759,1,0,0.0,0.0,True,False,False
small_benign_0260.zip,8,8,False,7.5821,7.4149,False,1,0,601,1,0,0.0,0.0,True,False,False
small_benign_0261.zip,8,8,False,7.4495,7.2814,False,1,0,495,1,0,0.0,0.0,True,False,False
small_benign_0262.zip,8,8,False,7.7655,7.62,False,1,0,952,1,0,0.0,0.0,True,False,False
small_benign_0263.zip,8,8,False,6.9506,6.7135,False,1,0,359,1,0,0.0,0.0,True,False,False
small_benign_0264.zip,8,8,False,7.7238,7.5964,False,1,0,923,1,0,0.0,0.0,True,False,False
small_benign_0265.zip,8,8,False,7.7203,7.5617,False,1,0,900,1,0,0.0,0.0,True,False,False
small_benign_0266.zip,8,8,False,7.3556,7.187,False,1,0,470,1,0,0.0,0.0,True,False,False
small_benign_0267.zip,8,8,False,7.5552,7.3757,False,1,0,573,1,0,0.0,0.0,True,False,False
small_benign_0268.zip,8,8,False,7.6813,7.5328,False,1,0,732,1,0,0.0,0.0,True,False,False
small_benign_0269.zip,8,8,False,7.5337,7.3635,False,1,0,573,1,0,0.0,0.0,True,False,False
small_benign_0270.zip,8,8,False,7.6528,7.4783,False,1,0,693,1,0,0.0,0.0,True,False,False
small_benign_0271.zip,8,8,False,7.5087,7.2889,False,1,0,616,1,0,0.0,0.0,True,False,False
small_benign_0272.zip,8,8,False,7.6238,7.4716,False,1,0,640,1,0,0.0,0.0,True,False,False
small_benign_0273.zip,8,8,False,7.1802,7.0155,False,1,0,399,1,0,0.0,0.0,True,False,False
small_benign_0274.zip,8,8,False,6.9686,6.8201,False,1,0,332,1,0,0.0,0.0,True,False,False
small_benign_0275.zip,8,8,False,7.2753,7.1037,False,1,0,461,1,0,0.0,0.0,True,False,False
small_benign_0276.zip,8,8,False,7.5443,7.3518,False,1,0,648,1,0,0.0,0.0,True,False,False
small_benign_0277.zip,8,8,False,6.588,6.4384,False,1,0,272,1,0,0.0,0.0,True,False,False
small_benign_0278.zip,8,8,False,7.731,7.5793,False,1,0,771,1,0,0.0,0.0,True,False,False
small_benign_0279.zip,8,8,False,7.7703,7.6423,False,1,0,883,1,0,0.0,0.0,True,False,False
small_benign_0280.zip,8,8,False,7.3977,7.2395,False,1,0,474,1,0,0.0,0.0,True,False,False
small_benign_0281.zip,8,8,False,7.3874,7.1954,False,1,0,497,1,0,0.0,0.0,True,False,False
small_benign_0282.zip,8,8,False,7.6745,7.529,False,1,0,680,1,0,0.0,0.0,True,False,False
small_benign_0283.zip,8,8,False,6.6288,6.5243,False,1,0,260,1,0,0.0,0.0,True,False,False
small_benign_0284.zip,8,8,False,7.2954,7.0989,False,1,0,424,1,0,0.0,0.0,True,False,False
small_benign_0285.zip,8,8,False,6.3102,6.1733,False,1,0,235,1,0,0.0,0.0,True,False,False
small_benign_0286.zip,8,8,False,6.541,6.415,False,1,0,260,1,0,0.0,0.0,True,False,False
small_benign_0287.zip,8,8,False,7.6815,7.5062,False,1,0,738,1,0,0.0,0.0,True,False,False
small_benign_0288.zip,8,8,False,7.5766,7.393,False,1,0,686,1,0,0.0,0.0,True,False,False
small_benign_0289.zip,8,8,False,7.5846,7.3964,False,1,0,592,1,0,0.0,0.0,True,False,False
small_benign_0290.zip,8,8,False,7.7622,7.602,False,1,0,918,1,0,0.0,0.0,True,False,False
small_benign_0291.zip,8,8,False,7.7126,7.5407,False,1,0,935,1,0,0.0,0.0,True,False,False
small_benign_0292.zip,8,8,False,6.8718,6.715,False,1,0,311,1,0,0.0,0.0,True,False,False
small_benign_0293.zip,8,8,False,7.4569,7.2653,False,1,0,584,1,0,0.0,0.0,True,False,False
small_benign_0294.zip,8,8,False,7.5403,7.3888,False,1,0,575,1,0,0.0,0.0,True,False,False
small_benign_0295.zip,8,8,False,7.4615,7.2645,False,1,0,544,1,0,0.0,0.0,True,False,False
small_benign_0296.zip,8,8,False,7.6966,7.5467,False,1,0,765,1,0,0.0,0.0,True,False,False
small_benign_0297.zip,8,8,False,7.6596,7.4919,False,1,0,792,1,0,0.0,0.0,True,False,False
small_benign_0298.zip,8,8,False,6.2788,6.1701,False,1,0,239,1,0,0.0,0.0,True,False,False
small_benign_0299.zip,8,8,False,7.6795,7.5265,False,1,0,722,1,0,0.0,0.0,True,False,False
small_benign_0300.zip,8,8,False,7.1921,7.0478,False,1,0,391,1,0,0.0,0.0,True,False,False
small_benign_0301.zip,8,8,False,7.6695,7.4884,False,1,0,820,1,0,0.0,0.0,True,False,False
small_benign_0302.zip,8,8,False,7.5285,7.316,False,1,0,606,1,0,0.0,0.0,True,False,False
small_benign_0303.zip,8,8,False,7.0956,6.9173,False,1,0,348,1,0,0.0,0.0,True,False,False
small_benign_0304.zip,8,8,False,7.2896,7.1078,False,1,0,436,1,0,0.0,0.0,True,False,False
small_benign_0305.zip,8,8,False,7.6288,7.4719,False,1,0,742,1,0,0.0,0.0,True,False,False
small_benign_0306.zip,8,8,False,7.2517,7.0684,False,1,0,442,1,0,0.0,0.0,True,False,False
small_benign_0307.zip,8,8,False,7.5323,7.3318,False,1,0,627,1,0,0.0,0.0,True,False,False
small_benign_0308.zip,8,8,False,6.9683,6.8137,False,1,0,329,1,0,0.0,0.0,True,False,False
small_benign_0309.zip,8,8,False,7.6558,7.4711,False,1,0,712,1,0,0.0,0.0,True,False,False
small_benign_0310.zip,8,8,False,7.681,7.5166,False,1,0,797,1,0,0.0,0.0,True,False,False
small_benign_0311.zip,8,8,False,7.4698,7.2983,False,1,0,479,1,0,0.0,0.0,True,False,False
small_benign_0312.zip,8,8,False,7.2403,7.0343,False,1,0,418,1,0,0.0,0.0,True,False,False
small_benign_0313.zip,8,8,False,7.3157,7.1247,False,1,0,447,1,0,0.0,0.0,True,False,False
small_benign_0314.zip,8,8,False,7.6527,7.485,False,1,0,720,1,0,0.0,0.0,True,False,False
small_benign_0315.zip,8,8,False,7.4348,7.2609,False,1,0,489,1,0,0.0,0.0,True,False,False
small_benign_0316.zip,8,8,False,7.2315,7.063,False,1,0,410,1,0,0.0,0.0,True,False,False
small_benign_0317.zip,8,8,False,7.5428,7.3706,False,1,0,587,1,0,0.0,0.0,True,False,False
small_benign_0318.zip,8,8,False,7.0374,6.8656,False,1,0,388,1,0,0.0,0.0,True,False,False
small_benign_0319.zip,8,8,False,7.7268,7.5778,False,1,0,808,1,0,0.0,0.0,True,False,False
small_benign_0320.zip,8,8,False,7.6152,7.4434,False,1,0,735,1,0,0.0,0.0,True,False,False
small_benign_0321.zip,8,8,False,7.6478,7.4802,False,1,0,793,1,0,0.0,0.0,True,False,False
small_benign_0322.zip,8,8,False,7.651,7.482,False,1,0,695,1,0,0.0,0.0,True,False,False
small_benign_0323.zip,8,8,False,7.5172,7.3348,False,1,0,564,1,0,0.0,0.0,True,False,False
small_benign_0324.zip,8,8,False,6.864,6.7094,False,1,0,308,1,0,0.0,0.0,True,False,False
small_benign_0325.zip,8,8,False,7.6378,7.4758,False,1,0,745,1,0,0.0,0.0,True,False,False
small_benign_0326.zip,8,8,False,7.5204,7.3469,False,1,0,625,1,0,0.0,0.0,True,False,False
small_benign_0327.zip,8,8,False,7.6552,7.4882,False,1,0,833,1,0,0.0,0.0,True,False,False
small_benign_0328.zip,8,8,False,7.5607,7.4045,False,1,0,652,1,0,0.0,0.0,True,False,False
small_benign_0329.zip,8,8,False,7.2285,7.0375,False,1,0,430,1,0,0.0,0.0,True,False,False
small_benign_0330.zip,8,8,False,7.4735,7.3229,False,1,0,584,1,0,0.0,0.0,True,False,False
small_benign_0331.zip,8,8,False,7.4974,7.3125,False,1,0,579,1,0,0.0,0.0,True,False,False
small_benign_0332.zip,8,8,False,7.6515,7.4967,False,1,0,695,1,0,0.0,0.0,True,False,False
small_benign_0333.zip,8,8,False,7.6223,7.4408,False,1,0,760,1,0,0.0,0.0,True,False,False
small_benign_0334.zip,8,8,False,7.0571,6.8852,False,1,0,340,1,0,0.0,0.0,True,False,False
small_benign_0335.zip,8,8,False,7.5747,7.3935,False,1,0,617,1,0,0.0,0.0,True,False,False
small_benign_0336.zip,8,8,False,7.3202,7.1272,False,1,0,441,1,0,0.0,0.0,True,False,False
small_benign_0337.zip,8,8,False,7.6782,7.5183,False,1,0,741,1,0,0.0,0.0,True,False,False
small_benign_0338.zip,8,8,False,7.7363,7.5899,False,1,0,804,1,0,0.0,0.0,True,False,False
small_benign_0339.zip,8,8,False,7.5199,7.3274,False,1,0,569,1,0,0.0,0.0,True,False,False
small_benign_0340.zip,8,8,False,7.3153,7.1523,False,1,0,415,1,0,0.0,0.0,True,False,False
small_benign_0341.zip,8,8,False,7.2139,7.1018,False,1,0,377,1,0,0.0,0.0,True,False,False
small_benign_0342.zip,8,8,False,7.3791,7.2015,False,1,0,476,1,0,0.0,0.0,True,False,False
small_benign_0343.zip,8,8,False,7.3854,7.2284,False,1,0,474,1,0,0.0,0.0,True,False,False
small_benign_0344.zip,8,8,False,6.5486,6.3547,False,1,0,268,1,0,0.0,0.0,True,False,False
small_benign_0345.zip,8,8,False,7.469,7.2873,False,1,0,573,1,0,0.0,0.0,True,False,False
small_benign_0346.zip,8,8,False,7.486,7.3202,False,1,0,543,1,0,0.0,0.0,True,False,False
small_benign_0347.zip,8,8,False,7.3634,7.2161,False,1,0,453,1,0,0.0,0.0,True,False,False
small_benign_0348.zip,8,8,False,7.6251,7.4517,False,1,0,702,1,0,0.0,0.0,True,False,False
small_benign_0349.zip,8,8,False,6.6754,6.5375,False,1,0,281,1,0,0.0,0.0,True,False,False
small_benign_0350.zip,8,8,False,6.6474,6.4805,False,1,0,275,1,0,0.0,0.0,True,False,False
small_benign_0351.zip,8,8,False,7.4341,7.2561,False,1,0,537,1,0,0.0,0.0,True,False,False
small_benign_0352.zip,8,8,False,7.6186,7.4408,False,1,0,707,1,0,0.0,0.0,True,False,False
small_benign_0353.zip,8,8,False,6.4567,6.3059,False,1,0,250,1,0,0.0,0.0,True,False,False
small_benign_0354.zip,8,8,False,7.5724,7.3846,False,1,0,621,1,0,0.0,0.0,True,False,False
small_benign_0355.zip,8,8,False,7.4489,7.2531,False,1,0,528,1,0,0.0,0.0,True,False,False
small_benign_0356.zip,8,8,False,7.5387,7.3552,False,1,0,722,1,0,0.0,0.0,True,False,False
small_benign_0357.zip,8,8,False,7.6286,7.4569,False,1,0,753,1,0,0.0,0.0,True,False,False
small_benign_0358.zip,8,8,False,6.6838,6.4804,False,1,0,307,1,0,0.0,0.0,True,False,False
small_benign_0359.zip,8,8,False,7.7306,7.5708,False,1,0,954,1,0,0.0,0.0,True,False,False
small_benign_0360.zip,8,8,False,7.1002,6.9311,False,1,0,360,1,0,0.0,0.0,True,False,False
small_benign_0361.zip,8,8,False,7.5519,7.377,False,1,0,653,1,0,0.0,0.0,True,False,False
small_benign_0362.zip,8,8,False,7.7385,7.5825,False,1,0,944,1,0,0.0,0.0,True,False,False
small_benign_0363.zip,8,8,False,7.5964,7.431,False,1,0,645,1,0,0.0,0.0,True,False,False
small_benign_0364.zip,8,8,False,7.7202,7.5529,False,1,0,909,1,0,0.0,0.0,True,False,False
small_benign_0365.zip,8,8,False,7.1911,7.0316,False,1,0,387,1,0,0.0,0.0,True,False,False
small_benign_0366.zip,8,8,False,7.7404,7.5955,False,1,0,923,1,0,0.0,0.0,True,False,False
small_benign_0367.zip,8,8,False,7.7604,7.6209,False,1,0,897,1,0,0.0,0.0,True,False,False
small_benign_0368.zip,8,8,False,7.5518,7.3655,False,1,0,632,1,0,0.0,0.0,True,False,False
small_benign_0369.zip,8,8,False,7.5938,7.4129,False,1,0,665,1,0,0.0,0.0,True,False,False
small_benign_0370.zip,8,8,False,7.638,7.4537,False,1,0,801,1,0,0.0,0.0,True,False,False
small_benign_0371.zip,8,8,False,6.8002,6.6757,False,1,0,287,1,0,0.0,0.0,True,False,False
small_benign_0372.zip,8,8,False,7.6386,7.4555,False,1,0,690,1,0,0.0,0.0,True,False,False
small_benign_0373.zip,8,8,False,7.6948,7.5166,False,1,0,818,1,0,0.0,0.0,True,False,False
small_benign_0374.zip,8,8,False,7.2781,7.1233,False,1,0,401,1,0,0.0,0.0,True,False,False
small_benign_0375.zip,8,8,False,7.3708,7.1939,False,1,0,448,1,0,0.0,0.0,True,False,False
small_benign_0376.zip,8,8,False,6.5359,6.4305,False,1,0,259,1,0,0.0,0.0,True,False,False
small_benign_0377.zip,8,8,False,7.4355,7.2203,False,1,0,547,1,0,0.0,0.0,True,False,False
small_benign_0378.zip,8,8,False,7.1656,7.0086,False,1,0,387,1,0,0.0,0.0,True,False,False
small_benign_0379.zip,8,8,False,7.1132,6.9171,False,1,0,394,1,0,0.0,0.0,True,False,False
small_benign_0380.zip,8,8,False,7.2711,7.1261,False,1,0,427,1,0,0.0,0.0,True,False,False
small_benign_0381.zip,8,8,False,7.2639,7.0881,False,1,0,410,1,0,0.0,0.0,True,False,False
small_benign_0382.zip,8,8,False,7.5446,7.3816,False,1,0,543,1,0,0.0,0.0,True,False,False
small_benign_0383.zip,8,8,False,7.7058,7.533,False,1,0,768,1,0,0.0,0.0,True,False,False
small_benign_0384.zip,8,8,False,7.491,7.2952,False,1,0,583,1,0,0.0,0.0,True,False,False
small_benign_0385.zip,8,8,False,7.6241,7.4532,False,1,0,663,1,0,0.0,0.0,True,False,False
small_benign_0386.zip,8,8,False,7.7033,7.558,False,1,0,881,1,0,0.0,0.0,True,False,False
small_benign_0387.zip,8,8,False,7.2803,7.15,False,1,0,420,1,0,0.0,0.0,True,False,False
small_benign_0388.zip,8,8,False,7.718,7.5483,False,1,0,801,1,0,0.0,0.0,True,False,False
small_benign_0389.zip,8,8,False,6.9322,6.7601,False,1,0,341,1,0,0.0,0.0,True,False,False
small_benign_0390.zip,8,8,False,7.5097,7.3327,False,1,0,578,1,0,0.0,0.0,True,False,False
small_benign_0391.zip,8,8,False,7.6709,7.5159,False,1,0,770,1,0,0.0,0.0,True,False,False
small_benign_0392.zip,8,8,False,7.374,7.1782,False,1,0,481,1,0,0.0,0.0,True,False,False
small_benign_0393.zip,8,8,False,7.6823,7.5235,False,1,0,757,1,0,0.0,0.0,True,False,False
small_benign_0394.zip,8,8,False,7.6885,7.521,False,1,0,943,1,0,0.0,0.0,True,False,False
small_benign_0395.zip,8,8,False,7.6996,7.5425,False,1,0,877,1,0,0.0,0.0,True,False,False
small_benign_0396.zip,8,8,False,6.9291,6.7695,False,1,0,334,1,0,0.0,0.0,True,False,False
small_benign_0397.zip,8,8,False,7.5744,7.3954,False,1,0,631,1,0,0.0,0.0,True,False,False
small_benign_0398.zip,8,8,False,7.7365,7.5814,False,1,0,808,1,0,0.0,0.0,True,False,False
small_benign_0399.zip,8,8,False,7.7098,7.5532,False,1,0,898,1,0,0.0,0.0,True,False,False
zombie_A_classic_0000.zip,0,8,True,6.6437,5.0601,False,1,0,4092,20,1,0.05,0.1853,True,False,False
zombie_A_classic_0001.zip,0,8,True,7.9156,7.8424,True,1,0,6264,20,1,0.05,0.3059,True,False,False
zombie_A_classic_0002.zip,0,8,True,6.7597,5.087,False,1,0,4124,20,1,0.05,0.1781,True,False,False
zombie_A_classic_0003.zip,0,8,True,6.6793,5.0911,False,1,0,4117,20,1,0.05,0.1404,True,False,False
zombie_A_classic_0004.zip,0,8,True,6.6684,4.3923,False,1,0,3953,20,1,0.05,0.2718,True,False,False
zombie_A_classic_0005.zip,0,8,True,7.4922,7.2287,True,1,0,2911,12,1,0.0833,0.2496,True,False,False
zombie_A_classic_0006.zip,0,8,True,7.9126,7.8386,True,1,0,4670,12,1,0.0833,0.3954,True,False,False
zombie_A_classic_0007.zip,0,8,True,7.4168,7.2111,True,1,0,4525,20,1,0.05,0.1756,True,False,False
zombie_A_classic_0008.zip,0,8,True,6.7588,5.0911,False,1,0,2241,11,1,0.0909,0.1981,True,False,False
zombie_A_classic_0009.zip,0,8,True,7.8061,7.6999,True,1,0,5060,20,1,0.05,0.2405,True,False,False
zombie_A_classic_0010.zip,0,8,True,6.6817,3.5325,False,1,0,1159,6,1,0.1667,0.9387,True,False,False
zombie_A_classic_0011.zip,0,8,True,6.6996,5.0911,False,1,0,4160,20,1,0.05,0.1824,True,False,False
zombie_A_classic_0012.zip,0,8,True,6.7254,4.7789,False,1,0,4932,20,1,0.05,0.2725,True,False,False
zombie_A_classic_0013.zip,0,8,True,7.8884,7.7915,True,1,0,6112,20,1,0.05,0.258,True,False,False
zombie_A_classic_0014.zip,0,8,True,6.6788,4.8323,False,1,0,3860,20,1,0.05,0.4042,True,False,False
zombie_A_classic_0015.zip,0,8,True,7.9071,7.8242,True,1,0,5701,20,1,0.05,0.3062,True,False,False
zombie_A_classic_0016.zip,0,8,True,7.9084,7.8278,True,1,0,7647,20,1,0.05,0.2425,True,False,False
zombie_A_classic_0017.zip,0,8,True,7.7812,7.6407,True,1,0,4984,20,1,0.05,0.4007,True,False,False
zombie_A_classic_0018.zip,0,8,True,7.7411,7.6057,True,1,0,4997,20,1,0.05,0.1193,True,False,False
zombie_A_classic_0019.zip,0,8,True,6.4672,5.0601,False,1,0,1279,7,1,0.1429,0.2343,True,False,False
zombie_A_classic_0020.zip,0,8,True,7.8148,7.6841,True,1,0,4977,20,1,0.05,0.3265,True,False,False
zombie_A_classic_0021.zip,0,8,True,7.8669,7.768,True,1,0,5427,20,1,0.05,0.3258,True,False,False
zombie_A_classic_0022.zip,0,8,True,6.736,3.5325,False,1,0,3928,20,1,0.05,0.4409,True,False,False
zombie_A_classic_0023.zip,0,8,True,7.7053,7.5792,True,1,0,4520,20,1,0.05,0.4575,True,False,False
zombie_A_classic_0024.zip,0,8,True,6.7142,4.9708,False,1,0,4301,19,1,0.0526,0.0606,True,False,False
zombie_A_classic_0025.zip,0,8,True,7.9168,7.8385,True,1,0,6308,15,1,0.0667,0.1806,True,False,False
zombie_A_classic_0026.zip,0,8,True,7.8687,7.7433,True,1,0,3766,9,1,0.1111,0.4488,True,False,False
zombie_A_classic_0027.zip,0,8,True,6.7059,5.4247,False,1,0,4436,20,1,0.05,0.1427,True,False,False
zombie_A_classic_0028.zip,0,8,True,7.89,7.8009,True,1,0,6059,20,1,0.05,0.2409,True,False,False
zombie_A_classic_0029.zip,0,8,True,7.6474,7.4753,True,1,0,4606,19,1,0.0526,0.2244,True,False,False
zombie_A_classic_0030.zip,0,8,True,6.6737,5.0911,False,1,0,4099,20,1,0.05,0.1187,True,False,False
zombie_A_classic_0031.zip,0,8,True,6.7545,3.7567,False,1,0,3996,20,1,0.05,0.3283,True,False,False
zombie_A_classic_0032.zip,0,8,True,6.8471,4.0695,False,1,0,4025,20,1,0.05,0.4107,True,False,False
zombie_A_classic_0033.zip,0,8,True,6.698,5.0911,False,1,0,3883,19,1,0.0526,0.193,True,False,False
zombie_A_classic_0034.zip,0,8,True,6.6992,5.0911,False,1,0,2058,10,1,0.1,0.1812,True,False,False
zombie_A_classic_0035.zip,0,8,True,7.8874,7.7946,True,1,0,2841,6,1,0.1667,0.4711,True,False,False
zombie_A_classic_0036.zip,0,8,True,7.0113,6.8685,True,1,0,4245,20,1,0.05,0.2027,True,False,False
zombie_A_classic_0037.zip,0,8,True,6.6703,5.1229,False,1,0,4183,20,1,0.05,0.1115,True,False,False
zombie_A_classic_0038.zip,0,8,True,6.6999,5.0911,False,1,0,4067,20,1,0.05,0.2427,True,False,False
zombie_A_classic_0039.zip,0,8,True,6.6875,3.3219,False,1,0,3620,20,1,0.05,0.5116,True,False,False
zombie_A_classic_0040.zip,0,8,True,6.7039,5.1229,False,1,0,4181,20,1,0.05,0.1837,True,False,False
zombie_A_classic_0041.zip,0,8,True,7.8908,7.8003,True,1,0,6127,20,1,0.05,0.1942,True,False,False
zombie_A_classic_0042.zip,0,8,True,6.6331,4.0179,False,1,0,3936,20,1,0.05,0.3415,True,False,False
zombie_A_classic_0043.zip,0,8,True,7.146,6.9069,True,1,0,4397,20,1,0.05,0.1833,True,False,False
zombie_A_classic_0044.zip,0,8,True,6.763,5.0911,False,1,0,4098,20,1,0.05,0.3067,True,False,False
zombie_A_classic_0045.zip,0,8,True,7.3067,6.9241,True,1,0,4405,20,1,0.05,0.1375,True,False,False
zombie_A_classic_0046.zip,0,8,True,7.8608,7.7558,True,1,0,5936,20,1,0.05,0.3019,True,False,False
zombie_A_classic_0047.zip,0,8,True,6.6637,5.0911,False,1,0,4047,20,1,0.05,0.1461,True,False,False
zombie_A_classic_0048.zip,0,8,True,6.6785,5.0601,False,1,0,4072,20,1,0.05,0.2517,True,False,False
zombie_A_classic_0049.zip,0,8,True,7.84,7.724,True,1,0,4935,19,1,0.0526,0.2529,True,False,False
zombie_A_classic_0050.zip,0,8,True,6.7643,3.7616,False,1,0,3928,20,1,0.05,0.4623,True,False,False
zombie_A_classic_0051.zip,0,8,True,7.6986,7.4742,True,1,0,4064,16,1,0.0625,0.3558,True,False,False
zombie_A_classic_0052.zip,0,8,True,6.674,5.1229,False,1,0,4074,20,1,0.05,0.1741,True,False,False
zombie_A_classic_0053.zip,0,8,True,7.9327,7.8728,True,1,0,7049,20,1,0.05,0.4401,True,False,False
zombie_A_classic_0054.zip,0,8,True,6.6117,2.337,False,1,0,4062,20,1,0.05,0.5177,True,False,False
zombie_A_classic_0055.zip,0,8,True,6.7607,4.0023,False,1,0,3099,16,1,0.0625,0.3613,True,False,False
zombie_A_classic_0056.zip,0,8,True,6.7851,3.7618,False,1,0,4307,20,1,0.05,0.3128,True,False,False
zombie_A_classic_0057.zip,0,8,True,7.5886,7.3568,True,1,0,4597,20,1,0.05,0.2134,True,False,False
zombie_A_classic_0058.zip,0,8,True,6.7034,5.0601,False,1,0,4232,20,1,0.05,0.216,True,False,False
zombie_A_classic_0059.zip,0,8,True,6.7074,5.0549,False,1,0,3948,20,1,0.05,0.2714,True,False,False
zombie_A_classic_0060.zip,0,8,True,6.7305,2.981,False,1,0,2440,12,1,0.0833,0.9204,True,False,False
zombie_A_classic_0061.zip,0,8,True,6.6778,4.0569,False,1,0,3979,20,1,0.05,0.2931,True,False,False
zombie_A_classic_0062.zip,0,8,True,6.7119,5.0911,False,1,0,4089,20,1,0.05,0.1289,True,False,False
zombie_A_classic_0063.zip,0,8,True,7.7752,7.6341,True,1,0,3125,11,1,0.0909,0.5065,True,False,False
zombie_A_classic_0064.zip,0,8,True,6.8452,4.3042,False,1,0,1514,7,1,0.1429,0.5509,True,False,False
zombie_A_classic_0065.zip,0,8,True,6.7157,5.0911,False,1,0,3959,20,1,0.05,0.1894,True,False,False
zombie_A_classic_0066.zip,0,8,True,6.7008,4.0875,False,1,0,3327,17,1,0.0588,0.5018,True,False,False
zombie_A_classic_0067.zip,0,8,True,7.8699,7.7652,True,1,0,3941,10,1,0.1,0.4183,True,False,False
zombie_A_classic_0068.zip,0,8,True,7.5806,7.3827,True,1,0,9259,20,1,0.05,0.1894,True,False,False
zombie_A_classic_0069.zip,0,8,True,7.0933,6.6232,True,1,0,4572,20,1,0.05,0.2014,True,False,False
zombie_A_classic_0070.zip,0,8,True,7.7389,7.597,True,1,0,4901,20,1,0.05,0.17,True,False,False
zombie_A_classic_0071.zip,0,8,True,7.4042,6.9807,True,1,0,4779,20,1,0.05,0.0709,True,False,False
zombie_A_classic_0072.zip,0,8,True,7.8992,7.8159,True,1,0,5022,15,1,0.0667,0.1832,True,False,False
zombie_A_classic_0073.zip,0,8,True,6.5739,5.0601,False,1,0,2121,11,1,0.0909,0.1696,True,False,False
zombie_A_classic_0074.zip,0,8,True,7.8214,7.7057,True,1,0,5010,20,1,0.05,0.2563,True,False,False
zombie_A_classic_0075.zip,0,8,True,7.7773,7.6261,True,1,0,5180,20,1,0.05,0.1937,True,False,False
zombie_A_classic_0076.zip,0,8,True,6.6143,5.0601,False,1,0,2124,11,1,0.0909,0.1821,True,False,False
zombie_A_classic_0077.zip,0,8,True,6.6605,5.0911,False,1,0,3105,15,1,0.0667,0.1939,True,False,False
zombie_A_classic_0078.zip,0,8,True,6.7375,3.3626,False,1,0,4158,20,1,0.05,0.5834,True,False,False
zombie_A_classic_0079.zip,0,8,True,7.7717,7.6231,True,1,0,4719,20,1,0.05,0.2632,True,False,False
zombie_A_classic_0080.zip,0,8,True,6.7668,5.1229,False,1,0,1239,6,1,0.1667,0.335,True,False,False
zombie_A_classic_0081.zip,0,8,True,6.668,5.1229,False,1,0,4259,20,1,0.05,0.1874,True,False,False
zombie_A_classic_0082.zip,0,8,True,6.7417,3.2515,False,1,0,1174,6,1,0.1667,1.0802,True,False,False
zombie_A_classic_0083.zip,0,8,True,6.6628,5.0601,False,1,0,4111,20,1,0.05,0.1913,True,False,False
zombie_A_classic_0084.zip,0,8,True,7.8777,7.773,True,1,0,5773,20,1,0.05,0.3538,True,False,False
zombie_A_classic_0085.zip,0,8,True,6.5712,5.0601,False,1,0,3888,20,1,0.05,0.1484,True,False,False
zombie_A_classic_0086.zip,0,8,True,7.9192,7.8483,True,1,0,5691,11,1,0.0909,0.4005,True,False,False
zombie_A_classic_0087.zip,0,8,True,6.5388,4.6875,False,1,0,4664,20,1,0.05,0.1458,True,False,False
zombie_A_classic_0088.zip,0,8,True,6.7302,4.153,False,1,0,4033,20,1,0.05,0.2813,True,False,False
zombie_A_classic_0089.zip,0,8,True,6.7694,5.0601,False,1,0,1555,8,1,0.125,0.3353,True,False,False
zombie_A_classic_0090.zip,0,8,True,7.8479,7.7359,True,1,0,6515,20,1,0.05,0.3025,True,False,False
zombie_A_classic_0091.zip,0,8,True,6.6953,5.1229,False,1,0,3918,20,1,0.05,0.2523,True,False,False
zombie_A_classic_0092.zip,0,8,True,7.8573,7.7412,True,1,0,5553,20,1,0.05,0.253,True,False,False
zombie_A_classic_0093.zip,0,8,True,7.642,7.4683,True,1,0,3521,14,1,0.0714,0.1767,True,False,False
zombie_A_classic_0094.zip,0,8,True,7.2222,6.5426,True,1,0,4505,20,1,0.05,0.4668,True,False,False
zombie_A_classic_0095.zip,0,8,True,6.7514,4.1699,False,1,0,3945,20,1,0.05,0.4712,True,False,False
zombie_A_classic_0096.zip,0,8,True,6.7395,5.0911,False,1,0,3879,20,1,0.05,0.3084,True,False,False
zombie_A_classic_0097.zip,0,8,True,6.7719,3.8159,False,1,0,4044,20,1,0.05,0.3064,True,False,False
zombie_A_classic_0098.zip,0,8,True,6.7514,5.1229,False,1,0,3753,18,1,0.0556,0.2364,True,False,False
zombie_A_classic_0099.zip,0,8,True,6.7897,5.0601,False,1,0,4070,20,1,0.05,0.2082,True,False,False
zombie_A_classic_0100.zip,0,8,True,7.8643,7.7646,True,1,0,5064,20,1,0.05,0.4915,True,False,False
zombie_A_classic_0101.zip,0,8,True,7.0534,6.369,True,1,0,4633,20,1,0.05,0.2993,True,False,False
zombie_A_classic_0102.zip,0,8,True,7.7975,7.6566,True,1,0,5002,20,1,0.05,0.1786,True,False,False
zombie_A_classic_0103.zip,0,8,True,6.6649,4.3805,False,1,0,4164,20,1,0.05,0.2812,True,False,False
zombie_A_classic_0104.zip,0,8,True,6.6499,4.1943,False,1,0,4072,20,1,0.05,0.2766,True,False,False
zombie_A_classic_0105.zip,0,8,True,6.9294,6.2765,False,1,0,4463,20,1,0.05,0.236,True,False,False
zombie_A_classic_0106.zip,0,8,True,7.5052,7.304,True,1,0,4345,20,1,0.05,0.3063,True,False,False
zombie_A_classic_0107.zip,0,8,True,6.6949,3.9414,False,1,0,4007,20,1,0.05,0.4364,True,False,False
zombie_A_classic_0108.zip,0,8,True,6.5784,3.8138,False,1,0,1192,6,1,0.1667,0.6262,True,False,False
zombie_A_classic_0109.zip,0,8,True,6.9307,5.9947,False,1,0,4285,18,1,0.0556,0.1078,True,False,False
zombie_A_classic_0110.zip,0,8,True,7.9116,7.8358,True,1,0,6214,20,1,0.05,0.3429,True,False,False
zombie_A_classic_0111.zip,0,8,True,7.5781,7.3501,True,1,0,4775,20,1,0.05,0.128,True,False,False
zombie_A_classic_0112.zip,0,8,True,6.651,3.6936,False,1,0,3941,20,1,0.05,0.3446,True,False,False
zombie_A_classic_0113.zip,0,8,True,6.6403,4.1805,False,1,0,4032,20,1,0.05,0.3395,True,False,False
zombie_A_classic_0114.zip,0,8,True,7.8782,7.7864,True,1,0,5474,20,1,0.05,0.2318,True,False,False
zombie_A_classic_0115.zip,0,8,True,7.2644,6.8858,True,1,0,2532,10,1,0.1,0.0764,True,False,False
zombie_A_classic_0116.zip,0,8,True,6.6388,5.087,False,1,0,2908,15,1,0.0667,0.3066,True,False,False
zombie_A_classic_0117.zip,0,8,True,7.8101,7.6999,True,1,0,4879,20,1,0.05,0.309,True,False,False
zombie_A_classic_0118.zip,0,8,True,7.6366,7.447,True,1,0,4752,20,1,0.05,0.2258,True,False,False
zombie_A_classic_0119.zip,0,8,True,7.8262,7.6995,True,1,0,5221,20,1,0.05,0.2454,True,False,False
zombie_A_classic_0120.zip,0,8,True,6.6252,3.8074,False,1,0,1778,9,1,0.1111,0.6686,True,False,False
zombie_A_classic_0121.zip,0,8,True,6.6677,5.1229,False,1,0,3990,20,1,0.05,0.2001,True,False,False
zombie_A_classic_0122.zip,0,8,True,7.2527,6.557,True,1,0,4839,20,1,0.05,0.1538,True,False,False
zombie_A_classic_0123.zip,0,8,True,7.5351,7.383,True,1,0,4594,20,1,0.05,0.2064,True,False,False
zombie_A_classic_0124.zip,0,8,True,6.6891,5.1229,False,1,0,4129,20,1,0.05,0.1678,True,False,False
zombie_A_classic_0125.zip,0,8,True,7.6856,7.5221,True,1,0,4598,20,1,0.05,0.3108,True,False,False
zombie_A_classic_0126.zip,0,8,True,7.9339,7.8747,True,1,0,7618,20,1,0.05,0.1662,True,False,False
zombie_A_classic_0127.zip,0,8,True,6.722,3.3584,False,1,0,4065,20,1,0.05,0.444,True,False,False
zombie_A_classic_0128.zip,0,8,True,6.7143,5.3824,False,1,0,2734,12,1,0.0833,0.2444,True,False,False
zombie_A_classic_0129.zip,0,8,True,7.7692,7.63,True,1,0,4583,18,1,0.0556,0.2099,True,False,False
zombie_A_classic_0130.zip,0,8,True,7.901,7.8184,True,1,0,3325,7,1,0.1429,0.3701,True,False,False
zombie_A_classic_0131.zip,0,8,True,7.0758,6.6625,True,1,0,3549,15,1,0.0667,0.0523,True,False,False
zombie_A_classic_0132.zip,0,8,True,7.7575,7.5956,True,1,0,4021,11,1,0.0909,0.2107,True,False,False
zombie_A_classic_0133.zip,0,8,True,7.4498,7.2517,True,1,0,4332,20,1,0.05,0.2926,True,False,False
zombie_A_classic_0134.zip,0,8,True,6.6351,5.1229,False,1,0,3973,20,1,0.05,0.2509,True,False,False
zombie_A_classic_0135.zip,0,8,True,6.8064,4.737,False,1,0,3484,17,1,0.0588,0.2824,True,False,False
zombie_A_classic_0136.zip,0,8,True,7.8066,7.6737,True,1,0,3488,11,1,0.0909,0.3362,True,False,False
zombie_A_classic_0137.zip,0,8,True,6.7566,5.0601,False,1,0,4109,20,1,0.05,0.1622,True,False,False
zombie_A_classic_0138.zip,0,8,True,7.0903,6.2809,True,1,0,4548,20,1,0.05,0.1788,True,False,False
zombie_A_classic_0139.zip,0,8,True,6.5555,5.0297,False,1,0,3424,18,1,0.0556,0.2835,True,False,False
zombie_A_classic_0140.zip,0,8,True,7.0945,6.8452,True,1,0,4310,20,1,0.05,0.1861,True,False,False
zombie_A_classic_0141.zip,0,8,True,6.7393,5.1229,False,1,0,3919,20,1,0.05,0.205,True,False,False
zombie_A_classic_0142.zip,0,8,True,6.7625,5.0601,False,1,0,3892,20,1,0.05,0.2559,True,False,False
zombie_A_classic_0143.zip,0,8,True,6.7492,5.0601,False,1,0,2076,10,1,0.1,0.2083,True,False,False
zombie_A_classic_0144.zip,0,8,True,6.7055,3.0567,False,1,0,3964,20,1,0.05,0.4131,True,False,False
zombie_A_classic_0145.zip,0,8,True,7.9118,7.836,True,1,0,6303,20,1,0.05,0.2662,True,False,False
zombie_A_classic_0146.zip,0,8,True,7.7147,7.5375,True,1,0,4722,20,1,0.05,0.2277,True,False,False
zombie_A_classic_0147.zip,0,8,True,7.8974,7.81,True,1,0,5969,20,1,0.05,0.3872,True,False,False
zombie_A_classic_0148.zip,0,8,True,6.7153,4.0687,False,1,0,1625,8,1,0.125,0.4968,True,False,False
zombie_A_classic_0149.zip,0,8,True,7.9032,7.8161,True,1,0,6478,20,1,0.05,0.2588,True,False,False
zombie_A_classic_0150.zip,0,8,True,6.6469,5.0911,False,1,0,4095,20,1,0.05,0.1331,True,False,False
zombie_A_classic_0151.zip,0,8,True,6.7579,5.0911,False,1,0,4080,20,1,0.05,0.2551,True,False,False
zombie_A_classic_0152.zip,0,8,True,6.9366,6.0235,False,1,0,4461,20,1,0.05,0.2398,True,False,False
zombie_A_classic_0153.zip,0,8,True,7.9063,7.8235,True,1,0,5860,20,1,0.05,0.2889,True,False,False
zombie_A_classic_0154.zip,0,8,True,6.7131,2.981,False,1,0,4067,20,1,0.05,0.4607,True,False,False
zombie_A_classic_0155.zip,0,8,True,7.1921,7.0342,True,1,0,4315,20,1,0.05,0.1138,True,False,False
zombie_A_classic_0156.zip,0,8,True,6.2627,5.1229,False,1,0,1107,6,1,0.1667,0.2428,True,False,False
zombie_A_classic_0157.zip,0,8,True,7.8898,7.8044,True,1,0,5483,20,1,0.05,0.1966,True,False,False
zombie_A_classic_0158.zip,0,8,True,6.7146,3.9069,False,1,0,3957,20,1,0.05,0.3885,True,False,False
zombie_A_classic_0159.zip,0,8,True,6.736,5.0911,False,1,0,3729,19,1,0.0526,0.173,True,False,False
zombie_A_classic_0160.zip,0,8,True,6.6804,2.4773,False,1,0,4006,20,1,0.05,0.5422,True,False,False
zombie_A_classic_0161.zip,0,8,True,6.676,4.0435,False,1,0,4050,20,1,0.05,0.3843,True,False,False
zombie_A_classic_0162.zip,0,8,True,7.8706,7.7697,True,1,0,5467,20,1,0.05,0.2653,True,False,False
zombie_A_classic_0163.zip,0,8,True,7.8288,7.7065,True,1,0,5219,20,1,0.05,0.2181,True,False,False
zombie_A_classic_0164.zip,0,8,True,6.7962,4.0825,False,1,0,4096,20,1,0.05,0.3651,True,False,False
zombie_A_classic_0165.zip,0,8,True,7.8635,7.7523,True,1,0,5172,18,1,0.0556,0.228,True,False,False
zombie_A_classic_0166.zip,0,8,True,6.6782,5.0601,False,1,0,4116,20,1,0.05,0.1741,True,False,False
zombie_A_classic_0167.zip,0,8,True,6.787,5.0601,False,1,0,3611,18,1,0.0556,0.2231,True,False,False
zombie_A_classic_0168.zip,0,8,True,7.3384,6.8648,True,1,0,4703,20,1,0.05,0.1505,True,False,False
zombie_A_classic_0169.zip,0,8,True,6.7414,5.0911,False,1,0,4338,20,1,0.05,0.1413,True,False,False
zombie_A_classic_0170.zip,0,8,True,7.8682,7.7709,True,1,0,6847,20,1,0.05,0.224,True,False,False
zombie_A_classic_0171.zip,0,8,True,6.733,5.0601,False,1,0,4198,20,1,0.05,0.206,True,False,False
zombie_A_classic_0172.zip,0,8,True,6.813,3.8951,False,1,0,2979,15,1,0.0667,0.5102,True,False,False
zombie_A_classic_0173.zip,0,8,True,7.5331,7.3399,True,1,0,4618,20,1,0.05,0.1593,True,False,False
zombie_A_classic_0174.zip,0,8,True,6.8011,5.0911,False,1,0,4086,20,1,0.05,0.1262,True,False,False
zombie_A_classic_0175.zip,0,8,True,6.7063,5.087,False,1,0,4118,20,1,0.05,0.2566,True,False,False
zombie_A_classic_0176.zip,0,8,True,6.693,3.0567,False,1,0,1835,9,1,0.1111,0.8363,True,False,False
zombie_A_classic_0177.zip,0,8,True,7.666,7.4891,True,1,0,4589,20,1,0.05,0.2644,True,False,False
zombie_A_classic_0178.zip,0,8,True,6.6573,5.1229,False,1,0,4046,20,1,0.05,0.1295,True,False,False
zombie_A_classic_0179.zip,0,8,True,7.8818,7.7786,True,1,0,5830,20,1,0.05,0.1704,True,False,False
zombie_A_classic_0180.zip,0,8,True,6.8074,5.0911,False,1,0,4151,20,1,0.05,0.1636,True,False,False
zombie_A_classic_0181.zip,0,8,True,7.9187,7.8459,True,1,0,6434,20,1,0.05,0.3433,True,False,False
zombie_A_classic_0182.zip,0,8,True,7.7972,7.6621,True,1,0,7588,20,1,0.05,0.3414,True,False,False
zombie_A_classic_0183.zip,0,8,True,6.6972,5.0601,False,1,0,3019,14,1,0.0714,0.1909,True,False,False
zombie_A_classic_0184.zip,0,8,True,7.7707,7.6236,True,1,0,4587,18,1,0.0556,0.2683,True,False,False
zombie_A_classic_0185.zip,0,8,True,6.7617,4.1203,False,1,0,4115,20,1,0.05,0.3095,True,False,False
zombie_A_classic_0186.zip,0,8,True,7.3523,6.7605,True,1,0,4557,20,1,0.05,0.1695,True,False,False
zombie_A_classic_0187.zip,0,8,True,7.902,7.8124,True,1,0,5945,20,1,0.05,0.3134,True,False,False
zombie_A_classic_0188.zip,0,8,True,7.0503,6.6901,True,1,0,4180,20,1,0.05,0.3297,True,False,False
zombie_A_classic_0189.zip,0,8,True,6.6788,3.757,False,1,0,3985,20,1,0.05,0.3798,True,False,False
zombie_A_classic_0190.zip,0,8,True,6.8247,2.6584,False,1,0,1843,10,1,0.1,0.8015,True,False,False
zombie_A_classic_0191.zip,0,8,True,6.7567,3.9245,False,1,0,3887,20,1,0.05,0.3881,True,False,False
zombie_A_classic_0192.zip,0,8,True,7.7604,7.6249,True,1,0,4644,19,1,0.0526,0.2575,True,False,False
zombie_A_classic_0193.zip,0,8,True,7.1072,6.7052,True,1,0,4238,20,1,0.05,0.2364,True,False,False
zombie_A_classic_0194.zip,0,8,True,7.2724,6.6036,True,1,0,2673,10,1,0.1,0.299,True,False,False
zombie_A_classic_0195.zip,0,8,True,7.8803,7.7846,True,1,0,5435,20,1,0.05,0.2457,True,False,False
zombie_A_classic_0196.zip,0,8,True,7.7137,7.5498,True,1,0,4595,20,1,0.05,0.3797,True,False,False
zombie_A_classic_0197.zip,0,8,True,7.9016,7.8205,True,1,0,6279,20,1,0.05,0.3712,True,False,False
zombie_A_classic_0198.zip,0,8,True,6.7404,4.1721,False,1,0,3043,15,1,0.0667,0.2984,True,False,False
zombie_A_classic_0199.zip,0,8,True,7.1724,6.2934,True,1,0,2247,10,1,0.1,0.2817,True,False,False
zombie_A_classic_0200.zip,0,8,True,7.8315,7.7175,True,1,0,5283,20,1,0.05,0.2726,True,False,False
zombie_A_classic_0201.zip,0,8,True,6.7023,5.0911,False,1,0,4012,20,1,0.05,0.181,True,False,False
zombie_A_classic_0202.zip,0,8,True,7.8685,7.7661,True,1,0,5379,20,1,0.05,0.3101,True,False,False
zombie_A_classic_0203.zip,0,8,True,6.6229,3.7004,False,1,0,3410,18,1,0.0556,0.4703,True,False,False
zombie_A_classic_0204.zip,0,8,True,6.8102,5.087,False,1,0,3862,20,1,0.05,0.2877,True,False,False
zombie_A_classic_0205.zip,0,8,True,6.6761,3.7826,False,1,0,4012,20,1,0.05,0.4731,True,False,False
zombie_A_classic_0206.zip,0,8,True,6.7625,4.263,False,1,0,4031,20,1,0.05,0.3154,True,False,False
zombie_A_classic_0207.zip,0,8,True,7.904,7.8227,True,1,0,5889,19,1,0.0526,0.2453,True,False,False
zombie_A_classic_0208.zip,0,8,True,7.6766,7.5054,True,1,0,4731,20,1,0.05,0.25,True,False,False
zombie_A_classic_0209.zip,0,8,True,7.8635,7.7486,True,1,0,5328,20,1,0.05,0.3133,True,False,False
zombie_A_classic_0210.zip,0,8,True,6.7394,5.087,False,1,0,4230,20,1,0.05,0.1916,True,False,False
zombie_A_classic_0211.zip,0,8,True,6.8221,3.3584,False,1,0,1805,9,1,0.1111,0.7175,True,False,False
zombie_A_classic_0212.zip,0,8,True,6.6953,5.0911,False,1,0,4066,20,1,0.05,0.1725,True,False,False
zombie_A_classic_0213.zip,0,8,True,7.3962,7.1362,True,1,0,2007,8,1,0.125,0.2382,True,False,False
zombie_A_classic_0214.zip,0,8,True,7.8791,7.784,True,1,0,3129,8,1,0.125,0.4338,True,False,False
zombie_A_classic_0215.zip,0,8,True,7.8353,7.7157,True,1,0,2898,9,1,0.1111,0.6525,True,False,False
zombie_A_classic_0216.zip,0,8,True,6.7381,5.0911,False,1,0,4071,20,1,0.05,0.2624,True,False,False
zombie_A_classic_0217.zip,0,8,True,6.6496,5.1229,False,1,0,2642,14,1,0.0714,0.2963,True,False,False
zombie_A_classic_0218.zip,0,8,True,6.6887,3.6147,False,1,0,3898,20,1,0.05,0.5358,True,False,False
zombie_A_classic_0219.zip,0,8,True,7.9043,7.8205,True,1,0,5215,15,1,0.0667,0.1685,True,False,False
zombie_A_classic_0220.zip,0,8,True,7.709,7.539,True,1,0,4933,20,1,0.05,0.1458,True,False,False
zombie_A_classic_0221.zip,0,8,True,6.7522,3.4448,False,1,0,4046,20,1,0.05,0.4624,True,False,False
zombie_A_classic_0222.zip,0,8,True,7.8928,7.7992,True,1,0,5860,19,1,0.0526,0.1733,True,False,False
zombie_A_classic_0223.zip,0,8,True,6.7737,5.1229,False,1,0,4351,20,1,0.05,0.1085,True,False,False
zombie_A_classic_0224.zip,0,8,True,6.6605,5.0601,False,1,0,4174,20,1,0.05,0.1625,True,False,False
zombie_A_classic_0225.zip,0,8,True,6.6554,5.087,False,1,0,1891,10,1,0.1,0.431,True,False,False
zombie_A_classic_0226.zip,0,8,True,6.7039,3.9552,False,1,0,4011,20,1,0.05,0.3172,True,False,False
zombie_A_classic_0227.zip,0,8,True,7.0923,6.3451,True,1,0,4539,20,1,0.05,0.2494,True,False,False
zombie_A_classic_0228.zip,0,8,True,6.7006,4.231,False,1,0,4032,20,1,0.05,0.3152,True,False,False
zombie_A_classic_0229.zip,0,8,True,6.9098,5.671,False,1,0,3084,11,1,0.0909,0.2295,True,False,False
zombie_A_classic_0230.zip,0,8,True,7.3686,7.1396,True,1,0,4376,20,1,0.05,0.1635,True,False,False
zombie_A_classic_0231.zip,0,8,True,6.727,5.0911,False,1,0,2842,14,1,0.0714,0.1452,True,False,False
zombie_A_classic_0232.zip,0,8,True,7.0154,6.3585,True,1,0,4418,20,1,0.05,0.2511,True,False,False
zombie_A_classic_0233.zip,0,8,True,7.8971,7.8116,True,1,0,5862,20,1,0.05,0.3846,True,False,False
zombie_A_classic_0234.zip,0,8,True,7.8641,7.7712,True,1,0,3859,12,1,0.0833,0.3299,True,False,False
zombie_A_classic_0235.zip,0,8,True,7.8463,7.736,True,1,0,2862,7,1,0.1429,0.4323,True,False,False
zombie_A_classic_0236.zip,0,8,True,6.9042,6.002,False,1,0,4447,20,1,0.05,0.2373,True,False,False
zombie_A_classic_0237.zip,0,8,True,7.1893,6.6242,True,1,0,4710,20,1,0.05,0.1881,True,False,False
zombie_A_classic_0238.zip,0,8,True,6.8088,4.0783,False,1,0,4211,20,1,0.05,0.2997,True,False,False
zombie_A_classic_0239.zip,0,8,True,7.8604,7.7498,True,1,0,4128,13,1,0.0769,0.1665,True,False,False
zombie_A_classic_0240.zip,0,8,True,6.6274,2.5182,False,1,0,4002,20,1,0.05,0.5692,True,False,False
zombie_A_classic_0241.zip,0,8,True,6.7123,4.0825,False,1,0,3193,16,1,0.0625,0.3242,True,False,False
zombie_A_classic_0242.zip,0,8,True,6.7601,5.0911,False,1,0,3801,20,1,0.05,0.2375,True,False,False
zombie_A_classic_0243.zip,0,8,True,7.4605,7.1985,True,1,0,4418,20,1,0.05,0.3186,True,False,False
zombie_A_classic_0244.zip,0,8,True,6.7077,4.9368,False,1,0,4228,20,1,0.05,0.2466,True,False,False
zombie_A_classic_0245.zip,0,8,True,7.8785,7.7802,True,1,0,5740,20,1,0.05,0.2373,True,False,False
zombie_A_classic_0246.zip,0,8,True,6.7779,5.1229,False,1,0,4281,20,1,0.05,0.1035,True,False,False
zombie_A_classic_0247.zip,0,8,True,6.7315,4.1375,False,1,0,3866,20,1,0.05,0.3533,True,False,False
zombie_A_classic_0248.zip,0,8,True,6.6895,4.1035,False,1,0,3319,17,1,0.0588,0.3812,True,False,False
zombie_A_classic_0249.zip,0,8,True,7.2497,6.8638,True,1,0,4550,20,1,0.05,0.1712,True,False,False
zombie_A_classic_0250.zip,0,8,True,6.8609,4.4594,False,1,0,4081,20,1,0.05,0.2979,True,False,False
zombie_A_classic_0251.zip,0,8,True,6.6685,4.3747,False,1,0,4268,20,1,0.05,0.2818,True,False,False
zombie_A_classic_0252.zip,0,8,True,7.8799,7.7841,True,1,0,2912,6,1,0.1667,0.909,True,False,False
zombie_A_classic_0253.zip,0,8,True,7.3045,7.1178,True,1,0,4487,20,1,0.05,0.2051,True,False,False
zombie_A_classic_0254.zip,0,8,True,7.8865,7.7931,True,1,0,3459,10,1,0.1,0.4526,True,False,False
zombie_A_classic_0255.zip,0,8,True,6.7675,4.263,False,1,0,4013,20,1,0.05,0.4643,True,False,False
zombie_A_classic_0256.zip,0,8,True,6.7554,5.0601,False,1,0,4022,20,1,0.05,0.35,True,False,False
zombie_A_classic_0257.zip,0,8,True,6.7681,5.1229,False,1,0,4193,20,1,0.05,0.1183,True,False,False
zombie_A_classic_0258.zip,0,8,True,7.8863,7.7997,True,1,0,9924,20,1,0.05,0.3797,True,False,False
zombie_A_classic_0259.zip,0,8,True,7.8785,7.7784,True,1,0,4778,15,1,0.0667,0.3561,True,False,False
zombie_A_classic_0260.zip,0,8,True,6.6195,2.5552,False,1,0,1813,9,1,0.1111,0.9461,True,False,False
zombie_A_classic_0261.zip,0,8,True,7.0717,6.7464,True,1,0,4197,20,1,0.05,0.1621,True,False,False
zombie_A_classic_0262.zip,0,8,True,7.0686,6.5356,True,1,0,4400,20,1,0.05,0.2076,True,False,False
zombie_A_classic_0263.zip,0,8,True,7.6939,7.5374,True,1,0,4900,20,1,0.05,0.2292,True,False,False
zombie_A_classic_0264.zip,0,8,True,6.8209,5.0911,False,1,0,3877,20,1,0.05,0.2142,True,False,False
zombie_A_classic_0265.zip,0,8,True,6.7281,5.0601,False,1,0,4077,20,1,0.05,0.1982,True,False,False
zombie_A_classic_0266.zip,0,8,True,6.5792,3.8074,False,1,0,1905,10,1,0.1,0.4713,True,False,False
zombie_A_classic_0267.zip,0,8,True,6.6805,2.8811,False,1,0,3861,20,1,0.05,0.5197,True,False,False
zombie_A_classic_0268.zip,0,8,True,7.829,7.7112,True,1,0,5164,20,1,0.05,0.3837,True,False,False
zombie_A_classic_0269.zip,0,8,True,6.6499,5.0911,False,1,0,4083,20,1,0.05,0.1799,True,False,False
zombie_A_classic_0270.zip,0,8,True,6.7804,5.0601,False,1,0,2165,11,1,0.0909,0.3038,True,False,False
zombie_A_classic_0271.zip,0,8,True,7.8454,7.7308,True,1,0,5335,20,1,0.05,0.4348,True,False,False
zombie_A_classic_0272.zip,0,8,True,6.7301,4.3335,False,1,0,3740,20,1,0.05,0.3728,True,False,False
zombie_A_classic_0273.zip,0,8,True,6.7458,3.9414,False,1,0,3997,20,1,0.05,0.3711,True,False,False
zombie_A_classic_0274.zip,0,8,True,6.7812,5.0911,False,1,0,4207,20,1,0.05,0.1374,True,False,False
zombie_A_classic_0275.zip,0,8,True,6.781,3.8301,False,1,0,3996,20,1,0.05,0.4513,True,False,False
zombie_A_classic_0276.zip,0,8,True,6.6969,3.8598,False,1,0,1473,7,1,0.1429,0.7029,True,False,False
zombie_A_classic_0277.zip,0,8,True,7.8505,7.7327,True,1,0,5087,20,1,0.05,0.5975,True,False,False
zombie_A_classic_0278.zip,0,8,True,7.9353,7.8763,True,1,0,8596,20,1,0.05,0.3712,True,False,False
zombie_A_classic_0279.zip,0,8,True,7.9049,7.8219,True,1,0,3977,8,1,0.125,0.2642,True,False,False
zombie_A_classic_0280.zip,0,8,True,6.6519,3.6074,False,1,0,4176,20,1,0.05,0.4216,True,False,False
zombie_A_classic_0281.zip,0,8,True,6.6926,3.5325,False,1,0,3818,20,1,0.05,0.4802,True,False,False
zombie_A_classic_0282.zip,0,8,True,6.6873,3.927,False,1,0,4052,20,1,0.05,0.3636,True,False,False
zombie_A_classic_0283.zip,0,8,True,6.6594,3.757,False,1,0,4037,20,1,0.05,0.426,True,False,False
zombie_A_classic_0284.zip,0,8,True,6.5586,3.164,False,1,0,3878,20,1,0.05,0.4258,True,False,False
zombie_A_classic_0285.zip,0,8,True,7.674,7.48,True,1,0,1853,6,1,0.1667,0.311,True,False,False
zombie_A_classic_0286.zip,0,8,True,6.7397,5.2625,False,1,0,4333,20,1,0.05,0.1915,True,False,False
zombie_A_classic_0287.zip,0,8,True,6.7484,3.3584,False,1,0,4070,20,1,0.05,0.389,True,False,False
zombie_A_classic_0288.zip,0,8,True,7.9067,7.8271,True,1,0,3887,6,1,0.1667,0.26,True,False,False
zombie_A_classic_0289.zip,0,8,True,7.1041,6.4015,True,1,0,4451,20,1,0.05,0.1505,True,False,False
zombie_A_classic_0290.zip,0,8,True,6.7706,3.9785,False,1,0,4104,20,1,0.05,0.25,True,False,False
zombie_A_classic_0291.zip,0,8,True,7.8641,7.7553,True,1,0,4504,16,1,0.0625,0.3216,True,False,False
zombie_A_classic_0292.zip,0,8,True,7.1605,6.442,True,1,0,4948,20,1,0.05,0.1292,True,False,False
zombie_A_classic_0293.zip,0,8,True,7.8699,7.7678,True,1,0,5130,20,1,0.05,0.3301,True,False,False
zombie_A_classic_0294.zip,0,8,True,6.2925,4.0755,False,1,0,1278,7,1,0.1429,0.4225,True,False,False
zombie_A_classic_0295.zip,0,8,True,6.7033,5.1229,False,1,0,4004,20,1,0.05,0.2177,True,False,False
zombie_A_classic_0296.zip,0,8,True,6.5907,2.9386,False,1,0,3035,16,1,0.0625,0.6415,True,False,False
zombie_A_classic_0297.zip,0,8,True,6.7588,5.1229,False,1,0,4154,20,1,0.05,0.1377,True,False,False
zombie_A_classic_0298.zip,0,8,True,7.8773,7.7796,True,1,0,5326,20,1,0.05,0.3772,True,False,False
zombie_A_classic_0299.zip,0,8,True,7.2276,7.0237,True,1,0,4216,20,1,0.05,0.1947,True,False,False
zombie_A_classic_0300.zip,0,8,True,6.6112,3.5272,False,1,0,1080,6,1,0.1667,0.7252,True,False,False
zombie_A_classic_0301.zip,0,8,True,6.5942,3.5662,False,1,0,3860,20,1,0.05,0.4309,True,False,False
zombie_A_classic_0302.zip,0,8,True,6.7254,3.8598,False,1,0,4086,20,1,0.05,0.3663,True,False,False
zombie_A_classic_0303.zip,0,8,True,6.6685,3.6144,False,1,0,3359,16,1,0.0625,0.3273,True,False,False
zombie_A_classic_0304.zip,0,8,True,6.6048,3.8074,False,1,0,3866,20,1,0.05,0.4284,True,False,False
zombie_A_classic_0305.zip,0,8,True,7.8592,7.7481,True,1,0,5079,18,1,0.0556,0.403,True,False,False
zombie_A_classic_0306.zip,0,8,True,7.9063,7.8237,True,1,0,5532,16,1,0.0625,0.3218,True,False,False
zombie_A_classic_0307.zip,0,8,True,6.7256,3.7004,False,1,0,4283,20,1,0.05,0.3026,True,False,False
zombie_A_classic_0308.zip,0,8,True,7.9179,7.8467,True,1,0,6132,10,1,0.1,0.3645,True,False,False
zombie_A_classic_0309.zip,0,8,True,6.6087,5.0911,False,1,0,3875,20,1,0.05,0.2501,True,False,False
zombie_A_classic_0310.zip,0,8,True,6.7087,3.7826,False,1,0,1914,9,1,0.1111,0.7287,True,False,False
zombie_A_classic_0311.zip,0,8,True,6.7514,3.433,False,1,0,4072,20,1,0.05,0.5449,True,False,False
zombie_A_classic_0312.zip,0,8,True,6.6829,5.0601,False,1,0,3879,20,1,0.05,0.2133,True,False,False
zombie_A_classic_0313.zip,0,8,True,6.7836,4.7866,False,1,0,5029,20,1,0.05,0.2187,True,False,False
zombie_A_classic_0314.zip,0,8,True,6.8078,5.0601,False,1,0,4229,20,1,0.05,0.144,True,False,False
zombie_A_classic_0315.zip,0,8,True,6.7137,2.981,False,1,0,3526,19,1,0.0526,0.4013,True,False,False
zombie_A_classic_0316.zip,0,8,True,7.8411,7.7295,True,1,0,5100,19,1,0.0526,0.3584,True,False,False
zombie_A_classic_0317.zip,0,8,True,6.7307,5.0911,False,1,0,4154,20,1,0.05,0.2199,True,False,False
zombie_A_classic_0318.zip,0,8,True,7.894,7.8101,True,1,0,5535,17,1,0.0588,0.2174,True,False,False
zombie_A_classic_0319.zip,0,8,True,6.7429,5.0911,False,1,0,3978,20,1,0.05,0.284,True,False,False
zombie_A_classic_0320.zip,0,8,True,6.6637,5.1229,False,1,0,4063,20,1,0.05,0.2106,True,False,False
zombie_A_classic_0321.zip,0,8,True,6.6668,5.0911,False,1,0,3202,16,1,0.0625,0.2734,True,False,False
zombie_A_classic_0322.zip,0,8,True,7.8622,7.7567,True,1,0,5442,20,1,0.05,0.178,True,False,False
zombie_A_classic_0323.zip,0,8,True,6.6166,4.3335,False,1,0,1742,9,1,0.1111,0.3568,True,False,False
zombie_A_classic_0324.zip,0,8,True,7.7348,7.5504,True,1,0,5053,20,1,0.05,0.3147,True,False,False
zombie_A_classic_0325.zip,0,8,True,7.9081,7.8266,True,1,0,5921,20,1,0.05,0.2432,True,False,False
zombie_A_classic_0326.zip,0,8,True,7.7953,7.6646,True,1,0,3930,16,1,0.0625,0.2471,True,False,False
zombie_A_classic_0327.zip,0,8,True,7.8892,7.7939,True,1,0,4796,15,1,0.0667,0.4547,True,False,False
zombie_A_classic_0328.zip,0,8,True,6.807,4.1635,False,1,0,3463,17,1,0.0588,0.3015,True,False,False
zombie_A_classic_0329.zip,0,8,True,6.7392,4.3003,False,1,0,4190,20,1,0.05,0.2707,True,False,False
zombie_A_classic_0330.zip,0,8,True,6.5649,3.8614,False,1,0,1379,7,1,0.1429,0.6402,True,False,False
zombie_A_classic_0331.zip,0,8,True,6.6684,5.0911,False,1,0,3921,20,1,0.05,0.2357,True,False,False
zombie_A_classic_0332.zip,0,8,True,7.0829,6.6975,True,1,0,4317,20,1,0.05,0.1814,True,False,False
zombie_A_classic_0333.zip,0,8,True,6.6657,3.9414,False,1,0,3916,20,1,0.05,0.2754,True,False,False
zombie_A_classic_0334.zip,0,8,True,7.9514,7.908,True,1,0,6524,16,1,0.0625,0.4041,True,False,False
zombie_A_classic_0335.zip,0,8,True,6.7879,4.153,False,1,0,1588,8,1,0.125,0.5709,True,False,False
zombie_A_classic_0336.zip,0,8,True,6.6999,3.1122,False,1,0,3946,20,1,0.05,0.479,True,False,False
zombie_A_classic_0337.zip,0,8,True,6.889,5.1229,False,1,0,3940,20,1,0.05,0.2782,True,False,False
zombie_A_classic_0338.zip,0,8,True,6.66,5.1229,False,1,0,3462,18,1,0.0556,0.2119,True,False,False
zombie_A_classic_0339.zip,0,8,True,6.6576,5.0297,False,1,0,4029,20,1,0.05,0.2142,True,False,False
zombie_A_classic_0340.zip,0,8,True,6.6351,2.981,False,1,0,4055,20,1,0.05,0.4335,True,False,False
zombie_A_classic_0341.zip,0,8,True,7.1181,6.4023,True,1,0,3084,14,1,0.0714,0.2704,True,False,False
zombie_A_classic_0342.zip,0,8,True,7.8091,7.6616,True,1,0,4070,15,1,0.0667,0.2186,True,False,False
zombie_A_classic_0343.zip,0,8,True,6.6806,5.0911,False,1,0,3746,20,1,0.05,0.2384,True,False,False
zombie_A_classic_0344.zip,0,8,True,7.8101,7.6814,True,1,0,5473,20,1,0.05,0.2351,True,False,False
zombie_A_classic_0345.zip,0,8,True,7.7526,7.6001,True,1,0,4366,17,1,0.0588,0.3362,True,False,False
zombie_A_classic_0346.zip,0,8,True,6.7804,5.1229,False,1,0,4090,20,1,0.05,0.2239,True,False,False
zombie_A_classic_0347.zip,0,8,True,6.7428,3.4448,False,1,0,4078,19,1,0.0526,0.3579,True,False,False
zombie_A_classic_0348.zip,0,8,True,6.5019,5.0601,False,1,0,2692,14,1,0.0714,0.2198,True,False,False
zombie_A_classic_0349.zip,0,8,True,6.6819,4.3339,False,1,0,3875,20,1,0.05,0.3638,True,False,False
zombie_B_method_only_0000.zip,8,0,True,6.7375,3.7199,False,1,0,9573,15,1,0.0667,0.5249,True,False,False
zombie_B_method_only_0001.zip,8,0,True,6.808,3.7415,False,1,0,51266,20,1,0.05,0.407,True,False,False
zombie_B_method_only_0002.zip,8,0,True,6.8023,3.7562,False,1,0,12553,15,1,0.0667,0.4577,True,False,False
zombie_B_method_only_0003.zip,8,0,True,6.6661,3.7646,False,1,0,24484,20,1,0.05,0.3436,True,False,False
zombie_B_method_only_0004.zip,8,0,True,6.7184,3.7576,False,1,0,16919,20,1,0.05,0.4081,True,False,False
zombie_B_method_only_0005.zip,8,0,True,6.7807,3.7596,False,1,0,57000,20,1,0.05,0.4529,True,False,False
zombie_B_method_only_0006.zip,8,0,True,6.7864,3.7568,False,1,0,25524,20,1,0.05,0.4397,True,False,False
zombie_B_method_only_0007.zip,8,0,True,6.7676,3.7444,False,1,0,48223,20,1,0.05,0.3203,True,False,False
zombie_B_method_only_0008.zip,8,0,True,6.7184,3.7438,False,1,0,18384,20,1,0.05,0.434,True,False,False
zombie_B_method_only_0009.zip,8,0,True,6.4446,3.7651,False,1,0,10464,6,1,0.1667,0.8089,True,False,False
zombie_B_method_only_0010.zip,8,0,True,6.7375,3.7738,False,1,0,20821,18,1,0.0556,0.4639,True,False,False
zombie_B_method_only_0011.zip,8,0,True,6.582,3.7703,False,1,0,36773,15,1,0.0667,0.4478,True,False,False
zombie_B_method_only_0012.zip,8,0,True,6.7114,3.7354,False,1,0,16368,12,1,0.0833,0.5505,True,False,False
zombie_B_method_only_0013.zip,8,0,True,6.5933,3.7518,False,1,0,12680,8,1,0.125,0.6523,True,False,False
zombie_B_method_only_0014.zip,8,0,True,6.6908,3.7153,False,1,0,17740,11,1,0.0909,0.5704,True,False,False
zombie_B_method_only_0015.zip,8,0,True,6.7328,3.7554,False,1,0,15453,20,1,0.05,0.3364,True,False,False
zombie_B_method_only_0016.zip,8,0,True,6.6826,3.7401,False,1,0,10748,10,1,0.1,0.709,True,False,False
zombie_B_method_only_0017.zip,8,0,True,6.7601,3.7353,False,1,0,25095,20,1,0.05,0.4473,True,False,False
zombie_B_method_only_0018.zip,8,0,True,6.8087,3.7605,False,1,0,12493,14,1,0.0714,0.5593,True,False,False
zombie_B_method_only_0019.zip,8,0,True,6.7263,3.7462,False,1,0,8121,20,1,0.05,0.417,True,False,False
zombie_B_method_only_0020.zip,8,0,True,6.7574,3.7484,False,1,0,62789,11,1,0.0909,0.5455,True,False,False
zombie_B_method_only_0021.zip,8,0,True,6.6845,3.7629,False,1,0,32232,20,1,0.05,0.4152,True,False,False
zombie_B_method_only_0022.zip,8,0,True,6.6783,3.7293,False,1,0,26181,20,1,0.05,0.3789,True,False,False
zombie_B_method_only_0023.zip,8,0,True,6.7489,3.7432,False,1,0,35025,15,1,0.0667,0.4496,True,False,False
zombie_B_method_only_0024.zip,8,0,True,6.736,3.7538,False,1,0,13696,20,1,0.05,0.3806,True,False,False
zombie_B_method_only_0025.zip,8,0,True,6.6485,3.7613,False,1,0,17872,9,1,0.1111,0.583,True,False,False
zombie_B_method_only_0026.zip,8,0,True,6.693,3.747,False,1,0,22550,20,1,0.05,0.3443,True,False,False
zombie_B_method_only_0027.zip,8,0,True,6.7963,3.7201,False,1,0,27396,20,1,0.05,0.3424,True,False,False
zombie_B_method_only_0028.zip,8,0,True,6.7333,3.7558,False,1,0,31594,20,1,0.05,0.4036,True,False,False
zombie_B_method_only_0029.zip,8,0,True,6.6325,3.7605,False,1,0,31808,20,1,0.05,0.3221,True,False,False
zombie_B_method_only_0030.zip,8,0,True,6.6889,3.7479,False,1,0,9942,20,1,0.05,0.4496,True,False,False
zombie_B_method_only_0031.zip,8,0,True,6.7243,3.7491,False,1,0,25082,15,1,0.0667,0.4802,True,False,False
zombie_B_method_only_0032.zip,8,0,True,6.636,3.7658,False,1,0,59601,20,1,0.05,0.4258,True,False,False
zombie_B_method_only_0033.zip,8,0,True,6.6569,3.7371,False,1,0,39805,6,1,0.1667,0.9477,True,False,False
zombie_B_method_only_0034.zip,8,0,True,6.6872,3.767,False,1,0,21916,20,1,0.05,0.3139,True,False,False
zombie_B_method_only_0035.zip,8,0,True,6.6988,3.7468,False,1,0,18407,19,1,0.0526,0.3708,True,False,False
zombie_B_method_only_0036.zip,8,0,True,6.7725,3.7534,False,1,0,10255,20,1,0.05,0.3205,True,False,False
zombie_B_method_only_0037.zip,8,0,True,6.5235,3.7325,False,1,0,33479,9,1,0.1111,0.6153,True,False,False
zombie_B_method_only_0038.zip,8,0,True,6.8074,3.7697,False,1,0,32212,16,1,0.0625,0.4549,True,False,False
zombie_B_method_only_0039.zip,8,0,True,6.6945,3.7305,False,1,0,17533,20,1,0.05,0.4548,True,False,False
zombie_B_method_only_0040.zip,8,0,True,6.6838,3.7406,False,1,0,26962,20,1,0.05,0.3119,True,False,False
zombie_B_method_only_0041.zip,8,0,True,6.7459,3.7358,False,1,0,15963,17,1,0.0588,0.4071,True,False,False
zombie_B_method_only_0042.zip,8,0,True,6.6642,3.7634,False,1,0,19337,20,1,0.05,0.4029,True,False,False
zombie_B_method_only_0043.zip,8,0,True,6.7557,3.7651,False,1,0,32898,20,1,0.05,0.3237,True,False,False
zombie_B_method_only_0044.zip,8,0,True,6.6737,3.7425,False,1,0,18850,20,1,0.05,0.383,True,False,False
zombie_B_method_only_0045.zip,8,0,True,6.7332,3.7558,False,1,0,20928,20,1,0.05,0.4017,True,False,False
zombie_B_method_only_0046.zip,8,0,True,6.7086,3.7568,False,1,0,65068,20,1,0.05,0.3679,True,False,False
zombie_B_method_only_0047.zip,8,0,True,6.6022,3.7565,False,1,0,28269,13,1,0.0769,0.397,True,False,False
zombie_B_method_only_0048.zip,8,0,True,6.8147,3.7579,False,1,0,18818,20,1,0.05,0.5232,True,False,False
zombie_B_method_only_0049.zip,8,0,True,6.7592,3.7684,False,1,0,11016,7,1,0.1429,0.7088,True,False,False
zombie_B_method_only_0050.zip,8,0,True,6.7824,3.7514,False,1,0,32782,14,1,0.0714,0.5043,True,False,False
zombie_B_method_only_0051.zip,8,0,True,6.6678,3.7563,False,1,0,27112,9,1,0.1111,0.6091,True,False,False
zombie_B_method_only_0052.zip,8,0,True,6.6733,3.7234,False,1,0,17272,20,1,0.05,0.4067,True,False,False
zombie_B_method_only_0053.zip,8,0,True,6.6352,3.7511,False,1,0,13931,20,1,0.05,0.3135,True,False,False
zombie_B_method_only_0054.zip,8,0,True,6.6192,3.7533,False,1,0,10938,10,1,0.1,0.5453,True,False,False
zombie_B_method_only_0055.zip,8,0,True,6.7571,3.7425,False,1,0,42723,8,1,0.125,0.9034,True,False,False
zombie_B_method_only_0056.zip,8,0,True,6.6854,3.7704,False,1,0,48720,20,1,0.05,0.3766,True,False,False
zombie_B_method_only_0057.zip,8,0,True,6.7675,3.729,False,1,0,6650,20,1,0.05,0.4238,True,False,False
zombie_B_method_only_0058.zip,8,0,True,6.7582,3.7804,False,1,0,26244,20,1,0.05,0.4123,True,False,False
zombie_B_method_only_0059.zip,8,0,True,6.6058,3.7256,False,1,0,13294,20,1,0.05,0.3198,True,False,False
zombie_B_method_only_0060.zip,8,0,True,6.7701,3.7707,False,1,0,27625,20,1,0.05,0.402,True,False,False
zombie_B_method_only_0061.zip,8,0,True,6.7471,3.7457,False,1,0,14095,7,1,0.1429,0.7859,True,False,False
zombie_B_method_only_0062.zip,8,0,True,6.7678,3.7372,False,1,0,31597,17,1,0.0588,0.4629,True,False,False
zombie_B_method_only_0063.zip,8,0,True,6.7471,3.7883,False,1,0,20941,20,1,0.05,0.5032,True,False,False
zombie_B_method_only_0064.zip,8,0,True,6.7161,3.7697,False,1,0,34508,20,1,0.05,0.4153,True,False,False
zombie_B_method_only_0065.zip,8,0,True,6.6577,3.7746,False,1,0,5989,12,1,0.0833,0.5906,True,False,False
zombie_B_method_only_0066.zip,8,0,True,6.6717,3.7412,False,1,0,45907,20,1,0.05,0.3271,True,False,False
zombie_B_method_only_0067.zip,8,0,True,6.7685,3.7496,False,1,0,13433,20,1,0.05,0.3929,True,False,False
zombie_B_method_only_0068.zip,8,0,True,6.7394,3.7603,False,1,0,13597,20,1,0.05,0.3658,True,False,False
zombie_B_method_only_0069.zip,8,0,True,6.7106,3.7582,False,1,0,44496,20,1,0.05,0.4626,True,False,False
zombie_B_method_only_0070.zip,8,0,True,6.6412,3.7348,False,1,0,29591,20,1,0.05,0.3266,True,False,False
zombie_B_method_only_0071.zip,8,0,True,6.6721,3.7355,False,1,0,29997,20,1,0.05,0.4923,True,False,False
zombie_B_method_only_0072.zip,8,0,True,6.7105,3.7865,False,1,0,13474,18,1,0.0556,0.5156,True,False,False
zombie_B_method_only_0073.zip,8,0,True,6.7131,3.7672,False,1,0,19023,15,1,0.0667,0.5784,True,False,False
zombie_B_method_only_0074.zip,8,0,True,6.6927,3.7406,False,1,0,41770,20,1,0.05,0.3914,True,False,False
zombie_B_method_only_0075.zip,8,0,True,6.7207,3.749,False,1,0,11228,20,1,0.05,0.4007,True,False,False
zombie_B_method_only_0076.zip,8,0,True,6.6667,3.7685,False,1,0,13637,20,1,0.05,0.3822,True,False,False
zombie_B_method_only_0077.zip,8,0,True,6.6891,3.7499,False,1,0,16100,20,1,0.05,0.3556,True,False,False
zombie_B_method_only_0078.zip,8,0,True,6.6929,3.7141,False,1,0,13228,10,1,0.1,0.5863,True,False,False
zombie_B_method_only_0079.zip,8,0,True,6.6912,3.7243,False,1,0,19714,12,1,0.0833,0.5797,True,False,False
zombie_B_method_only_0080.zip,8,0,True,6.6077,3.7552,False,1,0,50246,11,1,0.0909,0.625,True,False,False
zombie_B_method_only_0081.zip,8,0,True,6.721,3.6953,False,1,0,22300,20,1,0.05,0.4172,True,False,False
zombie_B_method_only_0082.zip,8,0,True,6.449,3.7481,False,1,0,15443,6,1,0.1667,0.7336,True,False,False
zombie_B_method_only_0083.zip,8,0,True,6.6897,3.771,False,1,0,25838,11,1,0.0909,0.5545,True,False,False
zombie_B_method_only_0084.zip,8,0,True,6.7408,3.7338,False,1,0,33773,20,1,0.05,0.3404,True,False,False
zombie_B_method_only_0085.zip,8,0,True,6.7494,3.7232,False,1,0,42162,20,1,0.05,0.4016,True,False,False
zombie_B_method_only_0086.zip,8,0,True,6.6248,3.7559,False,1,0,32715,11,1,0.0909,0.5232,True,False,False
zombie_B_method_only_0087.zip,8,0,True,6.5831,3.7731,False,1,0,24986,6,1,0.1667,0.9126,True,False,False
zombie_B_method_only_0088.zip,8,0,True,6.7262,3.7403,False,1,0,54994,13,1,0.0769,0.5782,True,False,False
zombie_B_method_only_0089.zip,8,0,True,6.7087,3.7184,False,1,0,29285,20,1,0.05,0.4512,True,False,False
zombie_B_method_only_0090.zip,8,0,True,6.7428,3.7536,False,1,0,57640,20,1,0.05,0.3106,True,False,False
zombie_B_method_only_0091.zip,8,0,True,6.5764,3.7265,False,1,0,18264,20,1,0.05,0.3346,True,False,False
zombie_B_method_only_0092.zip,8,0,True,6.7422,3.7712,False,1,0,19527,20,1,0.05,0.429,True,False,False
zombie_B_method_only_0093.zip,8,0,True,6.7353,3.7393,False,1,0,14328,20,1,0.05,0.3188,True,False,False
zombie_B_method_only_0094.zip,8,0,True,6.66,3.7619,False,1,0,31491,6,1,0.1667,0.8818,True,False,False
zombie_B_method_only_0095.zip,8,0,True,6.7524,3.7516,False,1,0,18900,16,1,0.0625,0.4482,True,False,False
zombie_B_method_only_0096.zip,8,0,True,6.6554,3.7457,False,1,0,14781,20,1,0.05,0.3874,True,False,False
zombie_B_method_only_0097.zip,8,0,True,6.761,3.7467,False,1,0,17844,20,1,0.05,0.4595,True,False,False
zombie_B_method_only_0098.zip,8,0,True,6.5448,3.7406,False,1,0,25722,9,1,0.1111,0.58,True,False,False
zombie_B_method_only_0099.zip,8,0,True,6.7317,3.7415,False,1,0,27469,20,1,0.05,0.3644,True,False,False
zombie_C_gootloader_0000.zip,0,8,True,7.6585,7.4857,True,3,0,4135,10,1,0.1,0.5087,True,False,False
zombie_C_gootloader_0001.zip,0,8,True,7.9504,7.9041,True,4,0,9958,20,1,0.05,0.4317,True,False,False
zombie_C_gootloader_0002.zip,0,8,True,7.9408,7.8846,True,3,0,8811,20,1,0.05,0.3726,True,False,False
zombie_C_gootloader_0003.zip,0,8,True,7.813,7.6892,True,2,0,5550,20,1,0.05,0.2399,True,False,False
zombie_C_gootloader_0004.zip,0,8,True,7.6204,7.4325,True,3,0,5918,20,1,0.05,0.2295,True,False,False
zombie_C_gootloader_0005.zip,0,8,True,7.9196,7.8511,True,3,0,8112,20,1,0.05,0.1504,True,False,False
zombie_C_gootloader_0006.zip,0,8,True,7.8095,7.6688,True,4,0,4283,8,1,0.125,0.7479,True,False,False
zombie_C_gootloader_0007.zip,0,8,True,7.9147,7.8385,True,5,0,9738,20,1,0.05,0.2394,True,False,False
zombie_C_gootloader_0008.zip,0,8,True,7.7483,7.5971,True,8,0,9107,20,1,0.05,0.3384,True,False,False
zombie_C_gootloader_0009.zip,0,8,True,7.939,7.8844,True,3,0,7296,20,1,0.05,0.4486,True,False,False
zombie_C_gootloader_0010.zip,0,8,True,7.9225,7.8519,True,3,0,7585,20,1,0.05,0.274,True,False,False
zombie_C_gootloader_0011.zip,0,8,True,7.7592,7.5947,True,5,0,7547,20,1,0.05,0.2829,True,False,False
zombie_C_gootloader_0012.zip,0,8,True,7.9511,7.906,True,3,0,6622,8,1,0.125,0.4635,True,False,False
zombie_C_gootloader_0013.zip,0,8,True,7.8407,7.7107,True,7,0,8156,11,1,0.0909,0.3953,True,False,False
zombie_C_gootloader_0014.zip,0,8,True,7.9196,7.85,True,5,0,7094,6,1,0.1667,0.2699,True,False,False
zombie_C_gootloader_0015.zip,0,8,True,7.9242,7.8585,True,8,0,11075,20,1,0.05,0.3065,True,False,False
zombie_C_gootloader_0016.zip,0,8,True,7.734,7.566,True,5,0,6789,20,1,0.05,0.1798,True,False,False
zombie_C_gootloader_0017.zip,0,8,True,7.8924,7.807,True,3,0,7274,20,1,0.05,0.3136,True,False,False
zombie_C_gootloader_0018.zip,0,8,True,7.9467,7.8978,True,3,0,7084,11,1,0.0909,0.3406,True,False,False
zombie_C_gootloader_0019.zip,0,8,True,7.8613,7.7531,True,7,0,9886,20,1,0.05,0.2259,True,False,False
zombie_C_gootloader_0020.zip,0,8,True,7.9343,7.8741,True,2,0,7823,20,1,0.05,0.3879,True,False,False
zombie_C_gootloader_0021.zip,0,8,True,7.6835,7.4811,True,6,0,8066,20,1,0.05,0.2201,True,False,False
zombie_C_gootloader_0022.zip,0,8,True,7.8328,7.7114,True,4,0,7606,20,1,0.05,0.3487,True,False,False
zombie_C_gootloader_0023.zip,0,8,True,7.6367,7.4392,True,3,0,5799,20,1,0.05,0.1962,True,False,False
zombie_C_gootloader_0024.zip,0,8,True,7.8718,7.7657,True,7,0,9140,18,1,0.0556,0.2267,True,False,False
zombie_C_gootloader_0025.zip,0,8,True,7.956,7.9165,True,8,0,10593,10,1,0.1,0.2685,True,False,False
zombie_C_gootloader_0026.zip,0,8,True,7.8578,7.7423,True,5,0,8414,20,1,0.05,0.2927,True,False,False
zombie_C_gootloader_0027.zip,0,8,True,7.8605,7.7568,True,3,0,7206,20,1,0.05,0.24,True,False,False
zombie_C_gootloader_0028.zip,0,8,True,7.82,7.6869,True,6,0,8964,20,1,0.05,0.3324,True,False,False
zombie_C_gootloader_0029.zip,0,8,True,7.6949,7.5204,True,4,0,7251,20,1,0.05,0.2543,True,False,False
zombie_C_gootloader_0030.zip,0,8,True,7.8688,7.7628,True,3,0,6598,20,1,0.05,0.3192,True,False,False
zombie_C_gootloader_0031.zip,0,8,True,7.9339,7.872,True,8,0,8873,7,1,0.1429,0.2751,True,False,False
zombie_C_gootloader_0032.zip,0,8,True,7.9575,7.919,True,5,0,10851,20,1,0.05,0.3384,True,False,False
zombie_C_gootloader_0033.zip,0,8,True,7.9367,7.8792,True,4,0,9473,20,1,0.05,0.2704,True,False,False
zombie_C_gootloader_0034.zip,0,8,True,7.9152,7.8419,True,4,0,8187,20,1,0.05,0.3812,True,False,False
zombie_C_gootloader_0035.zip,0,8,True,7.9529,7.9083,True,5,0,10379,20,1,0.05,0.304,True,False,False
zombie_C_gootloader_0036.zip,0,8,True,7.9476,7.899,True,2,0,5644,7,1,0.1429,0.9746,True,False,False
zombie_C_gootloader_0037.zip,0,8,True,7.9347,7.8785,True,3,0,6918,10,1,0.1,0.2813,True,False,False
zombie_C_gootloader_0038.zip,0,8,True,7.8183,7.6812,True,2,0,3048,6,1,0.1667,0.2504,True,False,False
zombie_C_gootloader_0039.zip,0,8,True,7.961,7.9244,True,3,0,9720,20,1,0.05,0.154,True,False,False
zombie_C_gootloader_0040.zip,0,8,True,7.8798,7.775,True,7,0,9997,20,1,0.05,0.3853,True,False,False
zombie_C_gootloader_0041.zip,0,8,True,7.9431,7.8921,True,5,0,10563,20,1,0.05,0.1769,True,False,False
zombie_C_gootloader_0042.zip,0,8,True,7.7963,7.6613,True,7,0,7717,15,1,0.0667,0.2535,True,False,False
zombie_C_gootloader_0043.zip,0,8,True,7.9363,7.8796,True,8,0,12092,20,1,0.05,0.373,True,False,False
zombie_C_gootloader_0044.zip,0,8,True,7.9199,7.8492,True,2,0,6913,20,1,0.05,0.3949,True,False,False
zombie_C_gootloader_0045.zip,0,8,True,7.8118,7.6685,True,7,0,9278,20,1,0.05,0.3724,True,False,False
zombie_C_gootloader_0046.zip,0,8,True,7.8685,7.7643,True,2,0,5950,20,1,0.05,0.4226,True,False,False
zombie_C_gootloader_0047.zip,0,8,True,7.8996,7.8103,True,2,0,3486,6,1,0.1667,0.4627,True,False,False
zombie_C_gootloader_0048.zip,0,8,True,7.9351,7.8762,True,6,0,10521,20,1,0.05,0.3201,True,False,False
zombie_C_gootloader_0049.zip,0,8,True,7.9184,7.8501,True,7,0,9805,16,1,0.0625,0.3555,True,False,False
zombie_C_gootloader_0050.zip,0,8,True,7.9435,7.8915,True,8,0,11537,19,1,0.0526,0.4176,True,False,False
zombie_C_gootloader_0051.zip,0,8,True,7.9238,7.8569,True,5,0,9065,20,1,0.05,0.1952,True,False,False
zombie_C_gootloader_0052.zip,0,8,True,7.9123,7.8332,True,5,0,9510,20,1,0.05,0.1703,True,False,False
zombie_C_gootloader_0053.zip,0,8,True,7.9546,7.9128,True,5,0,10382,20,1,0.05,0.3239,True,False,False
zombie_C_gootloader_0054.zip,0,8,True,7.567,7.3556,True,4,0,4303,9,1,0.1111,0.4194,True,False,False
zombie_C_gootloader_0055.zip,0,8,True,7.9273,7.8615,True,6,0,10216,20,1,0.05,0.4571,True,False,False
zombie_C_gootloader_0056.zip,0,8,True,7.9352,7.8769,True,2,0,5843,12,1,0.0833,0.4312,True,False,False
zombie_C_gootloader_0057.zip,0,8,True,7.7175,7.5533,True,7,0,8850,20,1,0.05,0.2566,True,False,False
zombie_C_gootloader_0058.zip,0,8,True,7.9407,7.8857,True,2,0,6047,13,1,0.0769,0.3907,True,False,False
zombie_C_gootloader_0059.zip,0,8,True,7.8205,7.6774,True,5,0,7203,20,1,0.05,0.2241,True,False,False
zombie_C_gootloader_0060.zip,0,8,True,7.8057,7.6662,True,6,0,8687,20,1,0.05,0.3394,True,False,False
zombie_C_gootloader_0061.zip,0,8,True,7.9418,7.8885,True,7,0,8914,6,1,0.1667,0.4408,True,False,False
zombie_C_gootloader_0062.zip,0,8,True,7.6933,7.5423,True,8,0,9453,18,1,0.0556,0.2842,True,False,False
zombie_C_gootloader_0063.zip,0,8,True,7.8794,7.7781,True,6,0,9172,20,1,0.05,0.2098,True,False,False
zombie_C_gootloader_0064.zip,0,8,True,7.7899,7.6323,True,5,0,7087,16,1,0.0625,0.1448,True,False,False
zombie_C_gootloader_0065.zip,0,8,True,7.8322,7.71,True,4,0,7886,20,1,0.05,0.1453,True,False,False
zombie_C_gootloader_0066.zip,0,8,True,7.9231,7.8571,True,5,0,9201,20,1,0.05,0.3843,True,False,False
zombie_C_gootloader_0067.zip,0,8,True,7.7439,7.5553,True,7,0,9158,20,1,0.05,0.2553,True,False,False
zombie_C_gootloader_0068.zip,0,8,True,7.9279,7.8685,True,2,0,6996,20,1,0.05,0.5285,True,False,False
zombie_C_gootloader_0069.zip,0,8,True,7.8822,7.7834,True,8,0,9690,20,1,0.05,0.319,True,False,False
zombie_C_gootloader_0070.zip,0,8,True,7.9563,7.9159,True,5,0,10474,20,1,0.05,0.3456,True,False,False
zombie_C_gootloader_0071.zip,0,8,True,7.9392,7.8824,True,4,0,7964,15,1,0.0667,0.5201,True,False,False
zombie_C_gootloader_0072.zip,0,8,True,7.9311,7.8687,True,8,0,11598,20,1,0.05,0.4043,True,False,False
zombie_C_gootloader_0073.zip,0,8,True,7.6778,7.4968,True,2,0,5259,20,1,0.05,0.2146,True,False,False
zombie_C_gootloader_0074.zip,0,8,True,7.9065,7.8251,True,2,0,4817,12,1,0.0833,0.293,True,False,False
zombie_C_gootloader_0075.zip,0,8,True,7.9262,7.8631,True,6,0,10087,17,1,0.0588,0.2809,True,False,False
zombie_C_gootloader_0076.zip,0,8,True,7.7464,7.591,True,7,0,8994,20,1,0.05,0.1869,True,False,False
zombie_C_gootloader_0077.zip,0,8,True,7.9516,7.9058,True,8,0,12823,20,1,0.05,0.318,True,False,False
zombie_C_gootloader_0078.zip,0,8,True,7.6922,7.5273,True,3,0,6379,20,1,0.05,0.1513,True,False,False
zombie_C_gootloader_0079.zip,0,8,True,7.8449,7.7229,True,6,0,9429,20,1,0.05,0.3371,True,False,False
zombie_C_gootloader_0080.zip,0,8,True,7.9429,7.8929,True,3,0,8834,20,1,0.05,0.2539,True,False,False
zombie_C_gootloader_0081.zip,0,8,True,7.8019,7.6724,True,8,0,8247,15,1,0.0667,0.497,True,False,False
zombie_C_gootloader_0082.zip,0,8,True,7.9202,7.8555,True,8,0,10579,20,1,0.05,0.3633,True,False,False
zombie_C_gootloader_0083.zip,0,8,True,7.8654,7.7611,True,8,0,9887,20,1,0.05,0.5341,True,False,False
zombie_C_gootloader_0084.zip,0,8,True,7.7914,7.6623,True,8,0,9683,20,1,0.05,0.3013,True,False,False
zombie_C_gootloader_0085.zip,0,8,True,7.7729,7.629,True,5,0,7231,20,1,0.05,0.2553,True,False,False
zombie_C_gootloader_0086.zip,0,8,True,7.5921,7.3602,True,3,0,6084,20,1,0.05,0.3119,True,False,False
zombie_C_gootloader_0087.zip,0,8,True,7.8697,7.7749,True,4,0,7264,20,1,0.05,0.218,True,False,False
zombie_C_gootloader_0088.zip,0,8,True,7.9496,7.9046,True,8,0,12040,19,1,0.0526,0.3778,True,False,False
zombie_C_gootloader_0089.zip,0,8,True,7.9598,7.9228,True,4,0,10371,20,1,0.05,0.3566,True,False,False
zombie_C_gootloader_0090.zip,0,8,True,7.8352,7.7103,True,7,0,9354,19,1,0.0526,0.3048,True,False,False
zombie_C_gootloader_0091.zip,0,8,True,7.9008,7.8231,True,5,0,8175,20,1,0.05,0.2767,True,False,False
zombie_C_gootloader_0092.zip,0,8,True,7.8456,7.7221,True,2,0,5853,20,1,0.05,0.3121,True,False,False
zombie_C_gootloader_0093.zip,0,8,True,7.9351,7.8766,True,2,0,7853,20,1,0.05,0.4744,True,False,False
zombie_C_gootloader_0094.zip,0,8,True,7.7405,7.5718,True,5,0,6464,20,1,0.05,0.3882,True,False,False
zombie_C_gootloader_0095.zip,0,8,True,7.929,7.8705,True,2,0,7380,20,1,0.05,0.2606,True,False,False
zombie_C_gootloader_0096.zip,0,8,True,7.8477,7.7167,True,7,0,9234,20,1,0.05,0.419,True,False,False
zombie_C_gootloader_0097.zip,0,8,True,7.9107,7.8374,True,5,0,8439,20,1,0.05,0.1802,True,False,False
zombie_C_gootloader_0098.zip,0,8,True,7.9151,7.8425,True,2,0,6781,20,1,0.05,0.4412,True,False,False
zombie_C_gootloader_0099.zip,0,8,True,7.9066,7.8279,True,7,0,10826,20,1,0.05,0.2374,True,False,False
zombie_C_gootloader_0100.zip,0,8,True,7.9227,7.8574,True,4,0,8919,20,1,0.05,0.3102,True,False,False
zombie_C_gootloader_0101.zip,0,8,True,7.9392,7.8856,True,7,0,10069,20,1,0.05,0.3159,True,False,False
zombie_C_gootloader_0102.zip,0,8,True,7.734,7.5673,True,8,0,6465,8,1,0.125,0.4845,True,False,False
zombie_C_gootloader_0103.zip,0,8,True,7.8534,7.7371,True,2,0,4569,15,1,0.0667,0.4037,True,False,False
zombie_C_gootloader_0104.zip,0,8,True,7.9527,7.9077,True,8,0,11897,20,1,0.05,0.2479,True,False,False
zombie_C_gootloader_0105.zip,0,8,True,7.9005,7.8166,True,5,0,8768,20,1,0.05,0.3525,True,False,False
zombie_C_gootloader_0106.zip,0,8,True,7.7682,7.602,True,6,0,6037,7,1,0.1429,0.7523,True,False,False
zombie_C_gootloader_0107.zip,0,8,True,7.9133,7.8368,True,3,0,6730,19,1,0.0526,0.2034,True,False,False
zombie_C_gootloader_0108.zip,0,8,True,7.8935,7.8013,True,4,0,7454,19,1,0.0526,0.2852,True,False,False
zombie_C_gootloader_0109.zip,0,8,True,7.9286,7.865,True,4,0,8716,20,1,0.05,0.2603,True,False,False
zombie_C_gootloader_0110.zip,0,8,True,7.9449,7.8956,True,6,0,9742,13,1,0.0769,0.4937,True,False,False
zombie_C_gootloader_0111.zip,0,8,True,7.9318,7.8712,True,8,0,11158,20,1,0.05,0.3111,True,False,False
zombie_C_gootloader_0112.zip,0,8,True,7.9508,7.9051,True,4,0,9961,20,1,0.05,0.3069,True,False,False
zombie_C_gootloader_0113.zip,0,8,True,7.9341,7.8751,True,4,0,7837,11,1,0.0909,0.5394,True,False,False
zombie_C_gootloader_0114.zip,0,8,True,7.6595,7.4511,True,7,0,8498,17,1,0.0588,0.218,True,False,False
zombie_C_gootloader_0115.zip,0,8,True,7.946,7.8972,True,5,0,9928,20,1,0.05,0.3762,True,False,False
zombie_C_gootloader_0116.zip,0,8,True,7.8907,7.7983,True,8,0,10725,20,1,0.05,0.1435,True,False,False
zombie_C_gootloader_0117.zip,0,8,True,7.9238,7.8527,True,4,0,8322,20,1,0.05,0.2207,True,False,False
zombie_C_gootloader_0118.zip,0,8,True,7.9479,7.901,True,5,0,10880,20,1,0.05,0.2931,True,False,False
zombie_C_gootloader_0119.zip,0,8,True,7.9532,7.9096,True,5,0,10431,20,1,0.05,0.3628,True,False,False
zombie_C_gootloader_0120.zip,0,8,True,7.959,7.9207,True,8,0,10657,11,1,0.0909,0.2168,True,False,False
zombie_C_gootloader_0121.zip,0,8,True,7.927,7.8641,True,8,0,11505,20,1,0.05,0.2737,True,False,False
zombie_C_gootloader_0122.zip,0,8,True,7.9539,7.91,True,6,0,11861,20,1,0.05,0.2339,True,False,False
zombie_C_gootloader_0123.zip,0,8,True,7.9423,7.8893,True,6,0,10262,20,1,0.05,0.3618,True,False,False
zombie_C_gootloader_0124.zip,0,8,True,7.8454,7.7226,True,4,0,7155,20,1,0.05,0.2763,True,False,False
zombie_C_gootloader_0125.zip,0,8,True,7.8975,7.8134,True,8,0,10529,20,1,0.05,0.2338,True,False,False
zombie_C_gootloader_0126.zip,0,8,True,7.9483,7.9,True,4,0,9906,20,1,0.05,0.2398,True,False,False
zombie_C_gootloader_0127.zip,0,8,True,7.922,7.8545,True,7,0,11406,20,1,0.05,0.4007,True,False,False
zombie_C_gootloader_0128.zip,0,8,True,7.9326,7.8719,True,5,0,9507,20,1,0.05,0.2883,True,False,False
zombie_C_gootloader_0129.zip,0,8,True,7.9262,7.8617,True,2,0,7117,20,1,0.05,0.3782,True,False,False
zombie_C_gootloader_0130.zip,0,8,True,7.9475,7.8986,True,7,0,10893,20,1,0.05,0.2332,True,False,False
zombie_C_gootloader_0131.zip,0,8,True,7.835,7.7061,True,3,0,5678,16,1,0.0625,0.3117,True,False,False
zombie_C_gootloader_0132.zip,0,8,True,7.9486,7.9014,True,4,0,9171,20,1,0.05,0.1956,True,False,False
zombie_C_gootloader_0133.zip,0,8,True,7.8353,7.7198,True,5,0,5866,8,1,0.125,0.385,True,False,False
zombie_C_gootloader_0134.zip,0,8,True,7.8682,7.768,True,7,0,9034,20,1,0.05,0.3321,True,False,False
zombie_C_gootloader_0135.zip,0,8,True,7.9183,7.8434,True,3,0,8056,20,1,0.05,0.2871,True,False,False
zombie_C_gootloader_0136.zip,0,8,True,7.8212,7.6721,True,2,0,5275,20,1,0.05,0.295,True,False,False
zombie_C_gootloader_0137.zip,0,8,True,7.9288,7.8621,True,6,0,7983,11,1,0.0909,0.3354,True,False,False
zombie_C_gootloader_0138.zip,0,8,True,7.9514,7.9076,True,8,0,11739,20,1,0.05,0.323,True,False,False
zombie_C_gootloader_0139.zip,0,8,True,7.6793,7.5048,True,5,0,6859,15,1,0.0667,0.2507,True,False,False
zombie_C_gootloader_0140.zip,0,8,True,7.9343,7.8762,True,6,0,8753,10,1,0.1,0.6779,True,False,False
zombie_C_gootloader_0141.zip,0,8,True,7.8816,7.7787,True,2,0,5931,20,1,0.05,0.1921,True,False,False
zombie_C_gootloader_0142.zip,0,8,True,7.93,7.8688,True,8,0,11191,20,1,0.05,0.3088,True,False,False
zombie_C_gootloader_0143.zip,0,8,True,7.8774,7.7794,True,8,0,9220,13,1,0.0769,0.2933,True,False,False
zombie_C_gootloader_0144.zip,0,8,True,7.9086,7.8287,True,5,0,8887,20,1,0.05,0.2231,True,False,False
zombie_C_gootloader_0145.zip,0,8,True,7.9393,7.8834,True,8,0,12662,20,1,0.05,0.2377,True,False,False
zombie_C_gootloader_0146.zip,0,8,True,7.9522,7.9079,True,3,0,7368,14,1,0.0714,0.2464,True,False,False
zombie_C_gootloader_0147.zip,0,8,True,7.9519,7.9074,True,3,0,9708,20,1,0.05,0.3113,True,False,False
zombie_C_gootloader_0148.zip,0,8,True,7.8861,7.7885,True,2,0,6245,20,1,0.05,0.3386,True,False,False
zombie_C_gootloader_0149.zip,0,8,True,7.9483,7.9017,True,7,0,10932,20,1,0.05,0.2101,True,False,False
zombie_D_multifile_0000.zip,8,8,False,7.9116,6.6088,False,1,0,5385,11,1,0.0909,0.592,True,False,False
zombie_D_multifile_0001.zip,8,8,False,7.8612,6.4669,False,1,0,6133,18,1,0.0556,0.5053,True,False,False
zombie_D_multifile_0002.zip,8,8,False,7.8709,6.5007,False,1,0,8727,24,1,0.0417,0.2314,True,False,False
zombie_D_multifile_0003.zip,8,8,False,7.8764,7.0621,False,1,0,7824,23,1,0.0435,0.3162,True,False,False
zombie_D_multifile_0004.zip,8,8,False,7.8822,6.8723,False,1,0,8360,24,1,0.0417,0.4508,True,False,False
zombie_D_multifile_0005.zip,8,8,False,7.9461,5.9966,False,1,0,8702,21,1,0.0476,0.5956,True,False,False
zombie_D_multifile_0006.zip,8,8,False,7.7323,5.4378,False,1,0,7023,23,1,0.0435,0.2412,True,False,False
zombie_D_multifile_0007.zip,8,8,False,7.91,6.5747,False,1,0,8507,24,1,0.0417,0.2595,True,False,False
zombie_D_multifile_0008.zip,8,8,False,7.9539,6.6618,False,1,0,9025,22,1,0.0455,0.3303,True,False,False
zombie_D_multifile_0009.zip,8,8,False,7.8245,6.5299,False,1,0,9434,25,1,0.04,0.2739,True,False,False
zombie_D_multifile_0010.zip,8,8,False,7.8498,6.9045,False,1,0,6515,23,1,0.0435,0.196,True,False,False
zombie_D_multifile_0011.zip,8,8,False,7.8583,4.9391,False,1,0,7683,24,1,0.0417,0.2382,True,False,False
zombie_D_multifile_0012.zip,8,8,False,7.9437,6.4089,False,1,0,9101,23,1,0.0435,0.2189,True,False,False
zombie_D_multifile_0013.zip,8,8,False,7.9121,7.0093,False,1,0,6606,13,1,0.0769,0.4523,True,False,False
zombie_D_multifile_0014.zip,8,8,False,7.9468,7.3851,False,1,0,9645,22,1,0.0455,0.3353,True,False,False
zombie_D_multifile_0015.zip,8,8,False,7.9342,6.3156,False,1,0,11288,25,1,0.04,0.3598,True,False,False
zombie_D_multifile_0016.zip,8,8,False,7.8132,5.2938,False,1,0,6055,17,1,0.0588,0.2883,True,False,False
zombie_D_multifile_0017.zip,8,8,False,7.9538,6.4868,False,1,0,8126,14,1,0.0714,0.3092,True,False,False
zombie_D_multifile_0018.zip,8,8,False,7.8848,6.6585,False,1,0,7248,23,1,0.0435,0.2201,True,False,False
zombie_D_multifile_0019.zip,8,8,False,7.9308,6.6053,False,1,0,10478,25,1,0.04,0.3162,True,False,False
zombie_D_multifile_0020.zip,8,8,False,7.8777,6.5823,False,1,0,8795,25,1,0.04,0.2331,True,False,False
zombie_D_multifile_0021.zip,8,8,False,7.8644,7.2385,False,1,0,8248,25,1,0.04,0.2495,True,False,False
zombie_D_multifile_0022.zip,8,8,False,7.9535,6.7488,False,1,0,8920,22,1,0.0455,0.3082,True,False,False
zombie_D_multifile_0023.zip,8,8,False,7.8673,5.5935,False,1,0,9568,25,1,0.04,0.3702,True,False,False
zombie_D_multifile_0024.zip,8,8,False,7.9401,7.1808,False,1,0,10140,25,1,0.04,0.3092,True,False,False
zombie_D_multifile_0025.zip,8,8,False,7.957,6.5703,False,1,0,9366,22,1,0.0455,0.3683,True,False,False
zombie_D_multifile_0026.zip,8,8,False,7.6966,6.5793,False,1,0,7401,25,1,0.04,0.2455,True,False,False
zombie_D_multifile_0027.zip,8,8,False,7.8896,7.0181,False,1,0,8064,24,1,0.0417,0.2649,True,False,False
zombie_D_multifile_0028.zip,8,8,False,7.8437,6.6913,False,1,0,7511,24,1,0.0417,0.5041,True,False,False
zombie_D_multifile_0029.zip,8,8,False,7.9516,6.8584,False,1,0,9592,23,1,0.0435,0.2265,True,False,False
zombie_D_multifile_0030.zip,8,8,False,7.7392,5.1249,False,1,0,8315,25,1,0.04,0.4221,True,False,False
zombie_D_multifile_0031.zip,8,8,False,7.8073,6.1642,False,1,0,8376,25,1,0.04,0.487,True,False,False
zombie_D_multifile_0032.zip,8,8,False,7.943,6.6148,False,1,0,9629,24,1,0.0417,0.5684,True,False,False
zombie_D_multifile_0033.zip,8,8,False,7.8891,4.6913,False,1,0,9168,25,1,0.04,0.4435,True,False,False
zombie_D_multifile_0034.zip,8,8,False,7.922,6.1489,False,1,0,7935,22,1,0.0455,0.2898,True,False,False
zombie_D_multifile_0035.zip,8,8,False,7.933,6.7088,False,1,0,7784,22,1,0.0455,0.3496,True,False,False
zombie_D_multifile_0036.zip,8,8,False,7.9404,6.6017,False,1,0,8263,20,1,0.05,0.3525,True,False,False
zombie_D_multifile_0037.zip,8,8,False,7.9143,6.361,False,1,0,9748,25,1,0.04,0.3805,True,False,False
zombie_D_multifile_0038.zip,8,8,False,7.944,6.6765,False,1,0,8504,22,1,0.0455,0.2414,True,False,False
zombie_D_multifile_0039.zip,8,8,False,7.9497,6.6484,False,1,0,10609,25,1,0.04,0.3213,True,False,False
zombie_D_multifile_0040.zip,8,8,False,7.717,5.1486,False,1,0,5899,19,1,0.0526,0.2294,True,False,False
zombie_D_multifile_0041.zip,8,8,False,7.9232,6.2954,False,1,0,8619,24,1,0.0417,0.2398,True,False,False
zombie_D_multifile_0042.zip,8,8,False,7.8026,6.7433,False,1,0,4393,14,1,0.0714,0.2079,True,False,False
zombie_D_multifile_0043.zip,8,8,False,7.8126,5.9459,False,1,0,7690,25,1,0.04,0.3249,True,False,False
zombie_D_multifile_0044.zip,8,8,False,7.9508,6.5752,False,1,0,10764,25,1,0.04,0.3663,True,False,False
zombie_D_multifile_0045.zip,8,8,False,7.8831,6.8698,False,1,0,7609,23,1,0.0435,0.3185,True,False,False
zombie_D_multifile_0046.zip,8,8,False,7.8911,6.9538,False,1,0,8285,23,1,0.0435,0.2906,True,False,False
zombie_D_multifile_0047.zip,8,8,False,7.9529,6.1066,False,1,0,9133,22,1,0.0455,0.3685,True,False,False
zombie_D_multifile_0048.zip,8,8,False,7.9267,6.3722,False,1,0,7684,22,1,0.0455,0.3924,True,False,False
zombie_D_multifile_0049.zip,8,8,False,7.9206,7.0911,False,1,0,7814,22,1,0.0455,0.2699,True,False,False
zombie_D_multifile_0050.zip,8,8,False,7.9424,6.5037,False,1,0,6426,12,1,0.0833,0.5752,True,False,False
zombie_D_multifile_0051.zip,8,8,False,7.8877,7.3449,False,1,0,5529,13,1,0.0769,0.4789,True,False,False
zombie_D_multifile_0052.zip,8,8,False,7.9007,6.6167,False,1,0,6666,17,1,0.0588,0.1858,True,False,False
zombie_D_multifile_0053.zip,8,8,False,7.8818,5.6487,False,1,0,9355,25,1,0.04,0.3227,True,False,False
zombie_D_multifile_0054.zip,8,8,False,7.7975,6.6505,False,1,0,7746,22,1,0.0455,0.3903,True,False,False
zombie_D_multifile_0055.zip,8,8,False,7.9405,6.4544,False,1,0,8922,23,1,0.0435,0.244,True,False,False
zombie_D_multifile_0056.zip,8,8,False,7.9143,4.9334,False,1,0,8429,23,1,0.0435,0.3642,True,False,False
zombie_D_multifile_0057.zip,8,8,False,7.9268,7.1782,False,1,0,8693,24,1,0.0417,0.3452,True,False,False
zombie_D_multifile_0058.zip,8,8,False,7.951,6.855,False,1,0,8546,22,1,0.0455,0.3496,True,False,False
zombie_D_multifile_0059.zip,8,8,False,7.809,6.5066,False,1,0,7111,24,1,0.0417,0.2875,True,False,False
zombie_D_multifile_0060.zip,8,8,False,7.8831,7.2711,False,1,0,9457,25,1,0.04,0.4136,True,False,False
zombie_D_multifile_0061.zip,8,8,False,7.9242,7.2935,False,1,0,10059,24,1,0.0417,0.3551,True,False,False
zombie_D_multifile_0062.zip,8,8,False,7.9159,6.4752,False,1,0,8968,23,1,0.0435,0.2818,True,False,False
zombie_D_multifile_0063.zip,8,8,False,7.8822,6.517,False,1,0,8750,24,1,0.0417,0.4645,True,False,False
zombie_D_multifile_0064.zip,8,8,False,7.9451,6.5871,False,1,0,7916,22,1,0.0455,0.3131,True,False,False
zombie_D_multifile_0065.zip,8,8,False,7.7931,5.9259,False,1,0,5996,22,1,0.0455,0.3567,True,False,False
zombie_D_multifile_0066.zip,8,8,False,7.9482,5.0732,False,1,0,10024,21,1,0.0476,0.288,True,False,False
zombie_D_multifile_0067.zip,8,8,False,7.9462,6.4086,False,1,0,7898,12,1,0.0833,0.5374,True,False,False
zombie_D_multifile_0068.zip,8,8,False,7.9213,6.722,False,1,0,8076,23,1,0.0435,0.2466,True,False,False
zombie_D_multifile_0069.zip,8,8,False,7.9186,6.3415,False,1,0,8412,23,1,0.0435,0.2713,True,False,False
zombie_D_multifile_0070.zip,8,8,False,7.9278,4.6758,False,1,0,11332,25,1,0.04,0.255,True,False,False
zombie_D_multifile_0071.zip,8,8,False,7.8809,6.3024,False,1,0,8081,24,1,0.0417,0.2994,True,False,False
zombie_D_multifile_0072.zip,8,8,False,7.9399,6.301,False,1,0,9868,24,1,0.0417,0.2801,True,False,False
zombie_D_multifile_0073.zip,8,8,False,7.8944,7.2543,False,1,0,7926,23,1,0.0435,0.214,True,False,False
zombie_D_multifile_0074.zip,8,8,False,7.925,6.3946,False,1,0,9647,24,1,0.0417,0.1689,True,False,False
zombie_D_multifile_0075.zip,8,8,False,7.9475,6.8453,False,1,0,8812,17,1,0.0588,0.3075,True,False,False
zombie_D_multifile_0076.zip,8,8,False,7.6424,6.1186,False,1,0,7438,24,1,0.0417,0.3608,True,False,False
zombie_D_multifile_0077.zip,8,8,False,7.934,6.8857,False,1,0,7595,17,1,0.0588,0.3558,True,False,False
zombie_D_multifile_0078.zip,8,8,False,7.9362,7.175,False,1,0,8072,22,1,0.0455,0.3968,True,False,False
zombie_D_multifile_0079.zip,8,8,False,7.8986,6.571,False,1,0,6851,22,1,0.0455,0.278,True,False,False
zombie_D_multifile_0080.zip,8,8,False,7.9374,5.4008,False,1,0,7961,15,1,0.0667,0.218,True,False,False
zombie_D_multifile_0081.zip,8,8,False,7.8905,6.5958,False,1,0,7082,21,1,0.0476,0.464,True,False,False
zombie_D_multifile_0082.zip,8,8,False,7.9453,7.2133,False,1,0,10924,25,1,0.04,0.2159,True,False,False
zombie_D_multifile_0083.zip,8,8,False,7.8699,6.5561,False,1,0,7029,19,1,0.0526,0.4093,True,False,False
zombie_D_multifile_0084.zip,8,8,False,7.8663,6.7798,False,1,0,8065,24,1,0.0417,0.2999,True,False,False
zombie_D_multifile_0085.zip,8,8,False,7.9486,6.258,False,1,0,11016,25,1,0.04,0.3372,True,False,False
zombie_D_multifile_0086.zip,8,8,False,7.7339,6.5329,False,1,0,6172,22,1,0.0455,0.2397,True,False,False
zombie_D_multifile_0087.zip,8,8,False,7.685,6.5458,False,1,0,5943,17,1,0.0588,0.4435,True,False,False
zombie_D_multifile_0088.zip,8,8,False,7.8795,5.8265,False,1,0,4944,14,1,0.0714,0.4956,True,False,False
zombie_D_multifile_0089.zip,8,8,False,7.9047,7.2942,False,1,0,6841,20,1,0.05,0.3404,True,False,False
zombie_D_multifile_0090.zip,8,8,False,7.9442,6.7457,False,1,0,8050,16,1,0.0625,0.5136,True,False,False
zombie_D_multifile_0091.zip,8,8,False,7.8232,6.1221,False,1,0,6247,18,1,0.0556,0.4129,True,False,False
zombie_D_multifile_0092.zip,8,8,False,7.9266,6.7912,False,1,0,8008,22,1,0.0455,0.5604,True,False,False
zombie_D_multifile_0093.zip,8,8,False,7.9434,7.1518,False,1,0,10313,23,1,0.0435,0.3876,True,False,False
zombie_D_multifile_0094.zip,8,8,False,7.9255,4.6646,False,1,0,8637,23,1,0.0435,0.5017,True,False,False
zombie_D_multifile_0095.zip,8,8,False,7.7567,6.8366,False,1,0,5479,19,1,0.0526,0.5436,True,False,False
zombie_D_multifile_0096.zip,8,8,False,7.8815,5.4877,False,1,0,9070,25,1,0.04,0.3764,True,False,False
zombie_D_multifile_0097.zip,8,8,False,7.7382,6.1174,False,1,0,5268,18,1,0.0556,0.3483,True,False,False
zombie_D_multifile_0098.zip,8,8,False,7.8986,6.0331,False,1,0,8697,25,1,0.04,0.3701,True,False,False
zombie_D_multifile_0099.zip,8,8,False,7.9453,6.4731,False,1,0,9928,23,1,0.0435,0.4381,True,False,False
zombie_D_multifile_0100.zip,8,8,False,7.8892,6.7303,False,1,0,9751,25,1,0.04,0.3414,True,False,False
zombie_D_multifile_0101.zip,8,8,False,7.9419,6.8463,False,1,0,8609,22,1,0.0455,0.145,True,False,False
zombie_D_multifile_0102.zip,8,8,False,7.7628,5.5854,False,1,0,7774,24,1,0.0417,0.2785,True,False,False
zombie_D_multifile_0103.zip,8,8,False,7.8445,6.3654,False,1,0,6911,23,1,0.0435,0.2457,True,False,False
zombie_D_multifile_0104.zip,8,8,False,7.9487,6.7275,False,1,0,10063,23,1,0.0435,0.2283,True,False,False
zombie_D_multifile_0105.zip,8,8,False,7.939,6.7992,False,1,0,9155,24,1,0.0417,0.4559,True,False,False
zombie_D_multifile_0106.zip,8,8,False,7.952,7.0311,False,1,0,7336,11,1,0.0909,0.4466,True,False,False
zombie_D_multifile_0107.zip,8,8,False,7.886,6.6856,False,1,0,6863,23,1,0.0435,0.4061,True,False,False
zombie_D_multifile_0108.zip,8,8,False,7.8393,6.3424,False,1,0,7457,23,1,0.0435,0.4412,True,False,False
zombie_D_multifile_0109.zip,8,8,False,7.952,6.5136,False,1,0,11360,24,1,0.0417,0.3119,True,False,False
zombie_D_multifile_0110.zip,8,8,False,7.9243,5.4501,False,1,0,5728,15,1,0.0667,0.3736,True,False,False
zombie_D_multifile_0111.zip,8,8,False,7.8726,6.4507,False,1,0,7750,24,1,0.0417,0.2849,True,False,False
zombie_D_multifile_0112.zip,8,8,False,7.8943,5.1622,False,1,0,8747,25,1,0.04,0.184,True,False,False
zombie_D_multifile_0113.zip,8,8,False,7.9576,6.2825,False,1,0,9024,19,1,0.0526,0.2463,True,False,False
zombie_D_multifile_0114.zip,8,8,False,7.9511,6.5843,False,1,0,10014,24,1,0.0417,0.3794,True,False,False
zombie_D_multifile_0115.zip,8,8,False,7.8529,6.3904,False,1,0,4885,15,1,0.0667,0.5675,True,False,False
zombie_D_multifile_0116.zip,8,8,False,7.9559,6.4877,False,1,0,9896,24,1,0.0417,0.3918,True,False,False
zombie_D_multifile_0117.zip,8,8,False,7.9006,7.3857,False,1,0,6921,22,1,0.0455,0.4439,True,False,False
zombie_D_multifile_0118.zip,8,8,False,7.9124,6.4917,False,1,0,7837,23,1,0.0435,0.1926,True,False,False
zombie_D_multifile_0119.zip,8,8,False,7.92,6.2903,False,1,0,8451,24,1,0.0417,0.487,True,False,False
zombie_D_multifile_0120.zip,8,8,False,7.9263,6.3104,False,1,0,10433,25,1,0.04,0.3739,True,False,False
zombie_D_multifile_0121.zip,8,8,False,7.889,7.0674,False,1,0,6711,19,1,0.0526,0.3702,True,False,False
zombie_D_multifile_0122.zip,8,8,False,7.9298,6.1064,False,1,0,8699,23,1,0.0435,0.2981,True,False,False
zombie_D_multifile_0123.zip,8,8,False,7.9193,6.3251,False,1,0,10125,25,1,0.04,0.2629,True,False,False
zombie_D_multifile_0124.zip,8,8,False,7.9381,6.0777,False,1,0,10307,25,1,0.04,0.5746,True,False,False
zombie_D_multifile_0125.zip,8,8,False,7.9507,4.9979,False,1,0,11205,25,1,0.04,0.3089,True,False,False
zombie_D_multifile_0126.zip,8,8,False,7.7425,5.421,False,1,0,6614,23,1,0.0435,0.1776,True,False,False
zombie_D_multifile_0127.zip,8,8,False,7.9407,6.7747,False,1,0,9105,23,1,0.0435,0.2806,True,False,False
zombie_D_multifile_0128.zip,8,8,False,7.9524,7.1551,False,1,0,10177,24,1,0.0417,0.3951,True,False,False
zombie_D_multifile_0129.zip,8,8,False,7.9219,6.5486,False,1,0,8237,22,1,0.0455,0.2022,True,False,False
zombie_D_multifile_0130.zip,8,8,False,7.9092,6.6701,False,1,0,7777,21,1,0.0476,0.2575,True,False,False
zombie_D_multifile_0131.zip,8,8,False,7.8914,6.6723,False,1,0,8712,25,1,0.04,0.2856,True,False,False
zombie_D_multifile_0132.zip,8,8,False,7.9525,7.2435,False,1,0,9680,22,1,0.0455,0.2758,True,False,False
zombie_D_multifile_0133.zip,8,8,False,7.9383,5.7947,False,1,0,8573,13,1,0.0769,0.3989,True,False,False
zombie_D_multifile_0134.zip,8,8,False,7.9469,6.6907,False,1,0,10849,25,1,0.04,0.3906,True,False,False
zombie_D_multifile_0135.zip,8,8,False,7.9078,7.2083,False,1,0,7310,22,1,0.0455,0.3052,True,False,False
zombie_D_multifile_0136.zip,8,8,False,7.9505,6.8717,False,1,0,9480,23,1,0.0435,0.3903,True,False,False
zombie_D_multifile_0137.zip,8,8,False,7.9391,7.2947,False,1,0,7695,15,1,0.0667,0.3069,True,False,False
zombie_D_multifile_0138.zip,8,8,False,7.8474,6.6492,False,1,0,6582,20,1,0.05,0.4009,True,False,False
zombie_D_multifile_0139.zip,8,8,False,7.9308,4.9141,False,1,0,9559,25,1,0.04,0.379,True,False,False
zombie_D_multifile_0140.zip,8,8,False,7.9527,7.32,False,1,0,9353,23,1,0.0435,0.2778,True,False,False
zombie_D_multifile_0141.zip,8,8,False,7.9587,5.3049,False,1,0,9102,22,1,0.0455,0.3279,True,False,False
zombie_D_multifile_0142.zip,8,8,False,7.9192,6.6614,False,1,0,7654,23,1,0.0435,0.4205,True,False,False
zombie_D_multifile_0143.zip,8,8,False,7.8028,6.9552,False,1,0,6238,22,1,0.0455,0.2361,True,False,False
zombie_D_multifile_0144.zip,8,8,False,7.9215,5.8319,False,1,0,8812,24,1,0.0417,0.2756,True,False,False
zombie_D_multifile_0145.zip,8,8,False,7.8884,6.1561,False,1,0,9141,25,1,0.04,0.2625,True,False,False
zombie_D_multifile_0146.zip,8,8,False,7.8633,6.5334,False,1,0,7568,23,1,0.0435,0.3127,True,False,False
zombie_D_multifile_0147.zip,8,8,False,7.9101,7.1849,False,1,0,7707,22,1,0.0455,0.2407,True,False,False
zombie_D_multifile_0148.zip,8,8,False,7.6775,6.2331,False,1,0,4898,17,1,0.0588,0.4617,True,False,False
zombie_D_multifile_0149.zip,8,8,False,7.893,6.7409,False,1,0,7063,21,1,0.0476,0.3231,True,False,False
zombie_E_crc_mismatch_0000.zip,0,8,True,7.2579,7.1138,True,1,0,4406,20,1,0.05,0.0828,False,True,False
zombie_E_crc_mismatch_0001.zip,0,8,True,7.8768,7.7724,True,1,0,5440,20,1,0.05,0.449,False,True,False
zombie_E_crc_mismatch_0002.zip,0,8,True,7.7178,7.5538,True,1,0,4689,20,1,0.05,0.1441,False,True,False
zombie_E_crc_mismatch_0003.zip,0,8,True,7.8927,7.7979,True,1,0,5922,20,1,0.05,0.3712,False,True,False
zombie_E_crc_mismatch_0004.zip,0,8,True,7.4157,7.2312,True,1,0,4282,20,1,0.05,0.1673,False,True,False
zombie_E_crc_mismatch_0005.zip,0,8,True,7.3193,7.1266,True,1,0,4267,20,1,0.05,0.2092,False,True,False
zombie_E_crc_mismatch_0006.zip,0,8,True,7.8947,7.8042,True,1,0,5579,20,1,0.05,0.462,False,True,False
zombie_E_crc_mismatch_0007.zip,0,8,True,7.9063,7.826,True,1,0,5934,20,1,0.05,0.2959,False,True,False
zombie_E_crc_mismatch_0008.zip,0,8,True,7.9034,7.825,True,1,0,6115,20,1,0.05,0.185,False,True,False
zombie_E_crc_mismatch_0009.zip,0,8,True,7.8367,7.7036,True,1,0,5097,20,1,0.05,0.4251,False,True,False
zombie_E_crc_mismatch_0010.zip,0,8,True,7.2682,7.0758,True,1,0,4395,20,1,0.05,0.3118,False,True,False
zombie_E_crc_mismatch_0011.zip,0,8,True,7.8848,7.7983,True,1,0,3189,8,1,0.125,0.2968,False,True,False
zombie_E_crc_mismatch_0012.zip,0,8,True,7.4592,7.2759,True,1,0,4702,20,1,0.05,0.1899,False,True,False
zombie_E_crc_mismatch_0013.zip,0,8,True,7.7815,7.6403,True,1,0,4983,20,1,0.05,0.1841,False,True,False
zombie_E_crc_mismatch_0014.zip,0,8,True,7.5817,7.4293,True,1,0,4530,20,1,0.05,0.2452,False,True,False
zombie_E_crc_mismatch_0015.zip,0,8,True,7.6411,7.4737,True,1,0,2357,9,1,0.1111,0.3318,False,True,False
zombie_E_crc_mismatch_0016.zip,0,8,True,7.695,7.5385,True,1,0,4609,20,1,0.05,0.2096,False,True,False
zombie_E_crc_mismatch_0017.zip,0,8,True,7.8956,7.813,True,1,0,5503,20,1,0.05,0.4767,False,True,False
zombie_E_crc_mismatch_0018.zip,0,8,True,7.6694,7.5155,True,1,0,2963,12,1,0.0833,0.2889,False,True,False
zombie_E_crc_mismatch_0019.zip,0,8,True,7.8439,7.7335,True,1,0,5232,20,1,0.05,0.276,False,True,False
zombie_E_crc_mismatch_0020.zip,0,8,True,7.2276,7.0532,True,1,0,4065,20,1,0.05,0.3763,False,True,False
zombie_E_crc_mismatch_0021.zip,0,8,True,7.5807,7.4026,True,1,0,4368,20,1,0.05,0.3246,False,True,False
zombie_E_crc_mismatch_0022.zip,0,8,True,7.9001,7.821,True,1,0,4037,11,1,0.0909,0.5769,False,True,False
zombie_E_crc_mismatch_0023.zip,0,8,True,7.132,6.9573,True,1,0,2070,9,1,0.1111,0.2834,False,True,False
zombie_E_crc_mismatch_0024.zip,0,8,True,7.8038,7.6823,True,1,0,5037,20,1,0.05,0.2314,False,True,False
zombie_E_crc_mismatch_0025.zip,0,8,True,7.9121,7.8406,True,1,0,5974,20,1,0.05,0.2791,False,True,False
zombie_E_crc_mismatch_0026.zip,0,8,True,7.891,7.8058,True,1,0,3184,7,1,0.1429,0.3891,False,True,False
zombie_E_crc_mismatch_0027.zip,0,8,True,7.8501,7.7393,True,1,0,5430,20,1,0.05,0.1874,False,True,False
zombie_E_crc_mismatch_0028.zip,0,8,True,7.7082,7.5159,True,1,0,2785,10,1,0.1,0.1817,False,True,False
zombie_E_crc_mismatch_0029.zip,0,8,True,7.6879,7.528,True,1,0,4679,20,1,0.05,0.2894,False,True,False
zombie_E_crc_mismatch_0030.zip,0,8,True,7.2057,7.0526,True,1,0,4248,20,1,0.05,0.2186,False,True,False
zombie_E_crc_mismatch_0031.zip,0,8,True,7.665,7.4932,True,1,0,4572,20,1,0.05,0.2565,False,True,False
zombie_E_crc_mismatch_0032.zip,0,8,True,7.807,7.6673,True,1,0,3804,15,1,0.0667,0.3535,False,True,False
zombie_E_crc_mismatch_0033.zip,0,8,True,7.162,6.9802,True,1,0,4282,20,1,0.05,0.0774,False,True,False
zombie_E_crc_mismatch_0034.zip,0,8,True,7.8504,7.7439,True,1,0,4710,16,1,0.0625,0.2683,False,True,False
zombie_E_crc_mismatch_0035.zip,0,8,True,7.8639,7.7571,True,1,0,5310,20,1,0.05,0.1828,False,True,False
zombie_E_crc_mismatch_0036.zip,0,8,True,7.8696,7.7716,True,1,0,5408,20,1,0.05,0.2086,False,True,False
zombie_E_crc_mismatch_0037.zip,0,8,True,7.8815,7.788,True,1,0,5897,20,1,0.05,0.2342,False,True,False
zombie_E_crc_mismatch_0038.zip,0,8,True,7.8836,7.7885,True,1,0,5378,19,1,0.0526,0.2884,False,True,False
zombie_E_crc_mismatch_0039.zip,0,8,True,7.6325,7.4526,True,1,0,4620,20,1,0.05,0.3558,False,True,False
zombie_E_crc_mismatch_0040.zip,0,8,True,7.5536,7.3815,True,1,0,3672,16,1,0.0625,0.1732,False,True,False
zombie_E_crc_mismatch_0041.zip,0,8,True,7.8441,7.729,True,1,0,3268,10,1,0.1,0.4977,False,True,False
zombie_E_crc_mismatch_0042.zip,0,8,True,7.4745,7.3077,True,1,0,2799,13,1,0.0769,0.2099,False,True,False
zombie_E_crc_mismatch_0043.zip,0,8,True,7.8985,7.8127,True,1,0,5767,20,1,0.05,0.3999,False,True,False
zombie_E_crc_mismatch_0044.zip,0,8,True,7.7177,7.5843,True,1,0,4648,20,1,0.05,0.2542,False,True,False
zombie_E_crc_mismatch_0045.zip,0,8,True,7.7123,7.5499,True,1,0,4673,20,1,0.05,0.2782,False,True,False
zombie_E_crc_mismatch_0046.zip,0,8,True,7.8935,7.81,True,1,0,5007,16,1,0.0625,0.2283,False,True,False
zombie_E_crc_mismatch_0047.zip,0,8,True,7.9078,7.8352,True,1,0,5726,20,1,0.05,0.3269,False,True,False
zombie_E_crc_mismatch_0048.zip,0,8,True,7.5843,7.4031,True,1,0,4518,20,1,0.05,0.3943,False,True,False
zombie_E_crc_mismatch_0049.zip,0,8,True,7.8943,7.8052,True,1,0,5173,17,1,0.0588,0.3734,False,True,False
zombie_E_crc_mismatch_0050.zip,0,8,True,7.9107,7.8338,True,1,0,5934,20,1,0.05,0.4121,False,True,False
zombie_E_crc_mismatch_0051.zip,0,8,True,7.8602,7.7548,True,1,0,4909,18,1,0.0556,0.2842,False,True,False
zombie_E_crc_mismatch_0052.zip,0,8,True,7.8079,7.6723,True,1,0,4750,20,1,0.05,0.2672,False,True,False
zombie_E_crc_mismatch_0053.zip,0,8,True,7.8628,7.7482,True,1,0,5453,20,1,0.05,0.2906,False,True,False
zombie_E_crc_mismatch_0054.zip,0,8,True,7.7463,7.5957,True,1,0,4716,20,1,0.05,0.2733,False,True,False
zombie_E_crc_mismatch_0055.zip,0,8,True,7.762,7.6163,True,1,0,4319,18,1,0.0556,0.3206,False,True,False
zombie_E_crc_mismatch_0056.zip,0,8,True,7.8877,7.805,True,1,0,5905,20,1,0.05,0.1517,False,True,False
zombie_E_crc_mismatch_0057.zip,0,8,True,7.9054,7.8236,True,1,0,5551,20,1,0.05,0.3261,False,True,False
zombie_E_crc_mismatch_0058.zip,0,8,True,7.7512,7.6154,True,1,0,1783,6,1,0.1667,0.3986,False,True,False
zombie_E_crc_mismatch_0059.zip,0,8,True,7.7868,7.6561,True,1,0,2497,8,1,0.125,0.3153,False,True,False
zombie_E_crc_mismatch_0060.zip,0,8,True,7.9142,7.8461,True,1,0,4691,14,1,0.0714,0.4857,False,True,False
zombie_E_crc_mismatch_0061.zip,0,8,True,7.3291,7.1248,True,1,0,4261,19,1,0.0526,0.1259,False,True,False
zombie_E_crc_mismatch_0062.zip,0,8,True,7.8507,7.7411,True,1,0,5376,20,1,0.05,0.1699,False,True,False
zombie_E_crc_mismatch_0063.zip,0,8,True,7.448,7.3068,True,1,0,3606,16,1,0.0625,0.2286,False,True,False
zombie_E_crc_mismatch_0064.zip,0,8,True,7.3804,7.1988,True,1,0,3067,14,1,0.0714,0.1312,False,True,False
zombie_E_crc_mismatch_0065.zip,0,8,True,7.8384,7.7266,True,1,0,5227,20,1,0.05,0.2993,False,True,False
zombie_E_crc_mismatch_0066.zip,0,8,True,7.3954,7.207,True,1,0,4243,20,1,0.05,0.2208,False,True,False
zombie_E_crc_mismatch_0067.zip,0,8,True,7.3946,7.2019,True,1,0,2690,12,1,0.0833,0.4783,False,True,False
zombie_E_crc_mismatch_0068.zip,0,8,True,7.7645,7.6167,True,1,0,4613,20,1,0.05,0.4289,False,True,False
zombie_E_crc_mismatch_0069.zip,0,8,True,7.7307,7.5747,True,1,0,4860,20,1,0.05,0.2796,False,True,False
zombie_E_crc_mismatch_0070.zip,0,8,True,7.84,7.7351,True,1,0,3732,13,1,0.0769,0.3311,False,True,False
zombie_E_crc_mismatch_0071.zip,0,8,True,7.8691,7.7692,True,1,0,5481,20,1,0.05,0.4652,False,True,False
zombie_E_crc_mismatch_0072.zip,0,8,True,7.8847,7.7969,True,1,0,5324,20,1,0.05,0.2777,False,True,False
zombie_E_crc_mismatch_0073.zip,0,8,True,7.815,7.6921,True,1,0,4957,20,1,0.05,0.255,False,True,False
zombie_E_crc_mismatch_0074.zip,0,8,True,7.8601,7.7463,True,1,0,2665,7,1,0.1429,0.4397,False,True,False
zombie_E_crc_mismatch_0075.zip,0,8,True,7.8651,7.7722,True,1,0,5377,20,1,0.05,0.181,False,True,False
zombie_E_crc_mismatch_0076.zip,0,8,True,7.8887,7.7977,True,1,0,5664,20,1,0.05,0.3745,False,True,False
zombie_E_crc_mismatch_0077.zip,0,8,True,7.8951,7.8104,True,1,0,5383,20,1,0.05,0.2701,False,True,False
zombie_E_crc_mismatch_0078.zip,0,8,True,7.8928,7.803,True,1,0,4833,17,1,0.0588,0.428,False,True,False
zombie_E_crc_mismatch_0079.zip,0,8,True,7.7992,7.6633,True,1,0,5024,20,1,0.05,0.2432,False,True,False
zombie_E_crc_mismatch_0080.zip,0,8,True,7.8688,7.7647,True,1,0,5293,20,1,0.05,0.2917,False,True,False
zombie_E_crc_mismatch_0081.zip,0,8,True,7.662,7.5031,True,1,0,2179,8,1,0.125,0.5355,False,True,False
zombie_E_crc_mismatch_0082.zip,0,8,True,7.6233,7.4568,True,1,0,4516,20,1,0.05,0.3238,False,True,False
zombie_E_crc_mismatch_0083.zip,0,8,True,7.8109,7.6728,True,1,0,5050,20,1,0.05,0.1978,False,True,False
zombie_E_crc_mismatch_0084.zip,0,8,True,7.3027,7.1157,True,1,0,4277,20,1,0.05,0.2286,False,True,False
zombie_E_crc_mismatch_0085.zip,0,8,True,7.8093,7.7011,True,1,0,4997,20,1,0.05,0.3088,False,True,False
zombie_E_crc_mismatch_0086.zip,0,8,True,7.7953,7.6792,True,1,0,4854,20,1,0.05,0.2327,False,True,False
zombie_E_crc_mismatch_0087.zip,0,8,True,7.5265,7.3177,True,1,0,4641,20,1,0.05,0.2707,False,True,False
zombie_E_crc_mismatch_0088.zip,0,8,True,7.8192,7.6885,True,1,0,5339,20,1,0.05,0.3095,False,True,False
zombie_E_crc_mismatch_0089.zip,0,8,True,7.7298,7.5503,True,1,0,4812,20,1,0.05,0.2068,False,True,False
zombie_E_crc_mismatch_0090.zip,0,8,True,7.9111,7.8376,True,1,0,6078,20,1,0.05,0.2473,False,True,False
zombie_E_crc_mismatch_0091.zip,0,8,True,7.909,7.8293,True,1,0,3410,7,1,0.1429,0.504,False,True,False
zombie_E_crc_mismatch_0092.zip,0,8,True,7.7602,7.6175,True,1,0,4649,20,1,0.05,0.403,False,True,False
zombie_E_crc_mismatch_0093.zip,0,8,True,7.8075,7.6813,True,1,0,4750,20,1,0.05,0.2095,False,True,False
zombie_E_crc_mismatch_0094.zip,0,8,True,7.8979,7.8024,True,1,0,5871,20,1,0.05,0.4049,False,True,False
zombie_E_crc_mismatch_0095.zip,0,8,True,7.8675,7.7672,True,1,0,5444,20,1,0.05,0.3147,False,True,False
zombie_E_crc_mismatch_0096.zip,0,8,True,7.9028,7.8177,True,1,0,6090,20,1,0.05,0.1777,False,True,False
zombie_E_crc_mismatch_0097.zip,0,8,True,7.8851,7.7984,True,1,0,6005,20,1,0.05,0.3195,False,True,False
zombie_E_crc_mismatch_0098.zip,0,8,True,7.8201,7.6845,True,1,0,5476,20,1,0.05,0.1486,False,True,False
zombie_E_crc_mismatch_0099.zip,0,8,True,7.8637,7.7562,True,1,0,5452,20,1,0.05,0.294,False,True,False
zombie_F_extra_noise_0000.zip,0,8,True,6.7263,3.1122,False,1,0,2144,11,1,0.0909,0.6449,True,False,False
zombie_F_extra_noise_0001.zip,0,8,True,6.63,3.8301,False,1,0,1360,7,1,0.1429,0.8373,True,False,False
zombie_F_extra_noise_0002.zip,0,8,True,6.7223,3.2105,False,1,0,3981,20,1,0.05,0.5258,True,False,False
zombie_F_extra_noise_0003.zip,0,8,True,6.8523,3.5659,False,1,0,4200,20,1,0.05,0.4416,True,False,False
zombie_F_extra_noise_0004.zip,0,8,True,6.7595,3.3584,False,1,0,4075,20,1,0.05,0.4753,True,False,False
zombie_F_extra_noise_0005.zip,0,8,True,6.6177,4.4594,False,1,0,1642,8,1,0.125,0.5416,True,False,False
zombie_F_extra_noise_0006.zip,0,8,True,6.659,4.2433,False,1,0,4111,20,1,0.05,0.3626,True,False,False
zombie_F_extra_noise_0007.zip,0,8,True,6.7297,3.9069,False,1,0,4086,20,1,0.05,0.5199,True,False,False
zombie_F_extra_noise_0008.zip,0,8,True,6.6859,4.494,False,1,0,4060,20,1,0.05,0.326,True,False,False
zombie_F_extra_noise_0009.zip,0,8,True,6.7188,3.3584,False,1,0,4070,20,1,0.05,0.4375,True,False,False
zombie_F_extra_noise_0010.zip,0,8,True,6.7321,4.1584,False,1,0,4001,20,1,0.05,0.3727,True,False,False
zombie_F_extra_noise_0011.zip,0,8,True,6.7308,3.4992,False,1,0,3950,20,1,0.05,0.4705,True,False,False
zombie_F_extra_noise_0012.zip,0,8,True,6.7227,4.0027,False,1,0,3923,20,1,0.05,0.3194,True,False,False
zombie_F_extra_noise_0013.zip,0,8,True,6.6965,4.0875,False,1,0,4190,20,1,0.05,0.3417,True,False,False
zombie_F_extra_noise_0014.zip,0,8,True,6.6181,3.2928,False,1,0,2027,10,1,0.1,0.7442,True,False,False
zombie_F_extra_noise_0015.zip,0,8,True,6.7353,4.1699,False,1,0,4096,20,1,0.05,0.3438,True,False,False
zombie_F_extra_noise_0016.zip,0,8,True,6.6278,4.2433,False,1,0,4108,20,1,0.05,0.3781,True,False,False
zombie_F_extra_noise_0017.zip,0,8,True,6.7196,4.494,False,1,0,4029,20,1,0.05,0.2602,True,False,False
zombie_F_extra_noise_0018.zip,0,8,True,6.7098,3.8373,False,1,0,2997,15,1,0.0667,0.4293,True,False,False
zombie_F_extra_noise_0019.zip,0,8,True,6.6742,3.1122,False,1,0,3873,20,1,0.05,0.401,True,False,False
zombie_F_extra_noise_0020.zip,0,8,True,6.6731,4.3626,False,1,0,4109,20,1,0.05,0.2368,True,False,False
zombie_F_extra_noise_0021.zip,0,8,True,6.6156,4.3626,False,1,0,3971,20,1,0.05,0.2723,True,False,False
zombie_F_extra_noise_0022.zip,0,8,True,6.6737,4.4695,False,1,0,1575,8,1,0.125,0.4973,True,False,False
zombie_F_extra_noise_0023.zip,0,8,True,6.6581,4.3335,False,1,0,3545,17,1,0.0588,0.3415,True,False,False
zombie_F_extra_noise_0024.zip,0,8,True,6.6401,3.9552,False,1,0,3786,19,1,0.0526,0.3297,True,False,False
zombie_F_extra_noise_0025.zip,0,8,True,6.7635,3.9069,False,1,0,4120,20,1,0.05,0.4736,True,False,False
zombie_F_extra_noise_0026.zip,0,8,True,6.7393,4.079,False,1,0,4045,20,1,0.05,0.2892,True,False,False
zombie_F_extra_noise_0027.zip,0,8,True,6.6767,4.1584,False,1,0,4042,20,1,0.05,0.3559,True,False,False
zombie_F_extra_noise_0028.zip,0,8,True,6.7323,4.4033,False,1,0,3400,17,1,0.0588,0.3602,True,False,False
zombie_F_extra_noise_0029.zip,0,8,True,6.7011,3.3584,False,1,0,1283,6,1,0.1667,1.0586,True,False,False
zombie_F_extra_noise_0030.zip,0,8,True,6.6927,4.3219,False,1,0,4115,20,1,0.05,0.2895,True,False,False
zombie_F_extra_noise_0031.zip,0,8,True,6.5823,3.3626,False,1,0,1605,8,1,0.125,0.9681,True,False,False
zombie_F_extra_noise_0032.zip,0,8,True,6.7186,3.3584,False,1,0,3991,20,1,0.05,0.525,True,False,False
zombie_F_extra_noise_0033.zip,0,8,True,6.6902,4.0875,False,1,0,4074,20,1,0.05,0.3119,True,False,False
zombie_F_extra_noise_0034.zip,0,8,True,6.6743,3.5659,False,1,0,1740,8,1,0.125,0.9457,True,False,False
zombie_F_extra_noise_0035.zip,0,8,True,6.7404,4.4594,False,1,0,4031,20,1,0.05,0.3366,True,False,False
zombie_F_extra_noise_0036.zip,0,8,True,6.6764,3.1115,False,1,0,3588,18,1,0.0556,0.4478,True,False,False
zombie_F_extra_noise_0037.zip,0,8,True,6.7328,3.164,False,1,0,3913,20,1,0.05,0.4406,True,False,False
zombie_F_extra_noise_0038.zip,0,8,True,6.7356,4.0929,False,1,0,3902,20,1,0.05,0.378,True,False,False
zombie_F_extra_noise_0039.zip,0,8,True,6.5988,3.8301,False,1,0,3947,20,1,0.05,0.4736,True,False,False
zombie_F_extra_noise_0040.zip,0,8,True,6.7722,4.2479,False,1,0,3982,20,1,0.05,0.3079,True,False,False
zombie_F_extra_noise_0041.zip,0,8,True,6.6467,3.1122,False,1,0,3862,20,1,0.05,0.5416,True,False,False
zombie_F_extra_noise_0042.zip,0,8,True,6.721,3.0567,False,1,0,4239,20,1,0.05,0.4549,True,False,False
zombie_F_extra_noise_0043.zip,0,8,True,6.6159,3.3219,False,1,0,4123,20,1,0.05,0.4575,True,False,False
zombie_F_extra_noise_0044.zip,0,8,True,6.603,4.4594,False,1,0,1751,9,1,0.1111,0.4803,True,False,False
zombie_F_extra_noise_0045.zip,0,8,True,6.6774,4.4033,False,1,0,4073,20,1,0.05,0.3318,True,False,False
zombie_F_extra_noise_0046.zip,0,8,True,6.6484,4.2922,False,1,0,2679,13,1,0.0769,0.3411,True,False,False
zombie_F_extra_noise_0047.zip,0,8,True,6.666,4.0929,False,1,0,4005,20,1,0.05,0.335,True,False,False
zombie_F_extra_noise_0048.zip,0,8,True,6.6935,3.5564,False,1,0,3933,20,1,0.05,0.4923,True,False,False
zombie_F_extra_noise_0049.zip,0,8,True,6.6542,3.3584,False,1,0,3907,20,1,0.05,0.4443,True,False,False
zombie_F_extra_noise_0050.zip,0,8,True,6.6906,4.1844,False,1,0,2954,14,1,0.0714,0.3639,True,False,False
zombie_F_extra_noise_0051.zip,0,8,True,6.6835,3.8301,False,1,0,3886,20,1,0.05,0.3989,True,False,False
zombie_F_extra_noise_0052.zip,0,8,True,6.6999,4.2433,False,1,0,3678,18,1,0.0556,0.371,True,False,False
zombie_F_extra_noise_0053.zip,0,8,True,6.7458,4.153,False,1,0,4124,20,1,0.05,0.3657,True,False,False
zombie_F_extra_noise_0054.zip,0,8,True,6.6489,3.3626,False,1,0,3923,20,1,0.05,0.5354,True,False,False
zombie_F_extra_noise_0055.zip,0,8,True,6.7357,4.0875,False,1,0,4175,20,1,0.05,0.3397,True,False,False
zombie_F_extra_noise_0056.zip,0,8,True,6.7676,3.8773,False,1,0,3848,20,1,0.05,0.3955,True,False,False
zombie_F_extra_noise_0057.zip,0,8,True,6.8198,4.3339,False,1,0,4205,20,1,0.05,0.2854,True,False,False
zombie_F_extra_noise_0058.zip,0,8,True,6.7302,4.0875,False,1,0,3474,17,1,0.0588,0.4521,True,False,False
zombie_F_extra_noise_0059.zip,0,8,True,6.7229,4.079,False,1,0,3963,20,1,0.05,0.3406,True,False,False
zombie_F_extra_noise_0060.zip,0,8,True,6.7119,4.3219,False,1,0,4080,20,1,0.05,0.3079,True,False,False
zombie_F_extra_noise_0061.zip,0,8,True,6.8181,4.0825,False,1,0,4015,20,1,0.05,0.302,True,False,False
zombie_F_extra_noise_0062.zip,0,8,True,6.6671,4.0875,False,1,0,4021,20,1,0.05,0.4839,True,False,False
zombie_F_extra_noise_0063.zip,0,8,True,6.6467,4.2433,False,1,0,1655,8,1,0.125,0.5553,True,False,False
zombie_F_extra_noise_0064.zip,0,8,True,6.7405,3.3584,False,1,0,1832,9,1,0.1111,0.6973,True,False,False
zombie_F_extra_noise_0065.zip,0,8,True,6.8169,4.3219,False,1,0,4012,20,1,0.05,0.2763,True,False,False
zombie_F_extra_noise_0066.zip,0,8,True,6.6702,3.9069,False,1,0,3698,19,1,0.0526,0.3901,True,False,False
zombie_F_extra_noise_0067.zip,0,8,True,6.7524,4.3134,False,1,0,4045,20,1,0.05,0.345,True,False,False
zombie_F_extra_noise_0068.zip,0,8,True,6.66,3.5564,False,1,0,1723,9,1,0.1111,0.759,True,False,False
zombie_F_extra_noise_0069.zip,0,8,True,6.6791,3.2515,False,1,0,4255,20,1,0.05,0.4448,True,False,False
zombie_F_extra_noise_0070.zip,0,8,True,6.7462,3.927,False,1,0,4163,20,1,0.05,0.4592,True,False,False
zombie_F_extra_noise_0071.zip,0,8,True,6.7046,4.0929,False,1,0,4032,20,1,0.05,0.2938,True,False,False
zombie_F_extra_noise_0072.zip,0,8,True,6.6094,3.8074,False,1,0,4050,20,1,0.05,0.4052,True,False,False
zombie_F_extra_noise_0073.zip,0,8,True,6.5625,4.3335,False,1,0,3857,20,1,0.05,0.2942,True,False,False
zombie_F_extra_noise_0074.zip,0,8,True,6.5619,4.2479,False,1,0,2157,11,1,0.0909,0.4275,True,False,False
zombie_F_extra_noise_0075.zip,0,8,True,6.689,3.585,False,1,0,4116,20,1,0.05,0.5031,True,False,False
zombie_F_extra_noise_0076.zip,0,8,True,6.7323,3.3584,False,1,0,4154,20,1,0.05,0.4353,True,False,False
zombie_F_extra_noise_0077.zip,0,8,True,6.5989,4.1115,False,1,0,1368,7,1,0.1429,0.6038,True,False,False
zombie_F_extra_noise_0078.zip,0,8,True,6.6863,4.4594,False,1,0,4055,20,1,0.05,0.2226,True,False,False
zombie_F_extra_noise_0079.zip,0,8,True,6.765,3.8373,False,1,0,4195,20,1,0.05,0.3973,True,False,False
zombie_F_extra_noise_0080.zip,0,8,True,6.6745,4.1844,False,1,0,4103,20,1,0.05,0.3063,True,False,False
zombie_F_extra_noise_0081.zip,0,8,True,6.6817,4.1035,False,1,0,3081,15,1,0.0667,0.4351,True,False,False
zombie_F_extra_noise_0082.zip,0,8,True,6.6719,3.1122,False,1,0,4123,20,1,0.05,0.4979,True,False,False
zombie_F_extra_noise_0083.zip,0,8,True,6.7509,3.8301,False,1,0,4078,20,1,0.05,0.4322,True,False,False
zombie_F_extra_noise_0084.zip,0,8,True,6.8918,4.3219,False,1,0,3942,20,1,0.05,0.4033,True,False,False
zombie_F_extra_noise_0085.zip,0,8,True,6.6655,3.3584,False,1,0,1491,7,1,0.1429,0.8984,True,False,False
zombie_F_extra_noise_0086.zip,0,8,True,6.7871,4.2922,False,1,0,4183,20,1,0.05,0.2999,True,False,False
zombie_F_extra_noise_0087.zip,0,8,True,6.7384,4.3134,False,1,0,1649,8,1,0.125,0.6403,True,False,False
zombie_F_extra_noise_0088.zip,0,8,True,6.8075,4.0929,False,1,0,4228,20,1,0.05,0.2953,True,False,False
zombie_F_extra_noise_0089.zip,0,8,True,6.7471,3.3584,False,1,0,4069,20,1,0.05,0.5788,True,False,False
zombie_F_extra_noise_0090.zip,0,8,True,6.6685,4.0179,False,1,0,4065,20,1,0.05,0.3774,True,False,False
zombie_F_extra_noise_0091.zip,0,8,True,6.7786,4.3626,False,1,0,4061,20,1,0.05,0.5145,True,False,False
zombie_F_extra_noise_0092.zip,0,8,True,6.7887,4.1891,False,1,0,3897,20,1,0.05,0.41,True,False,False
zombie_F_extra_noise_0093.zip,0,8,True,6.6632,4.2922,False,1,0,3518,17,1,0.0588,0.3739,True,False,False
zombie_F_extra_noise_0094.zip,0,8,True,6.6756,4.2479,False,1,0,4026,20,1,0.05,0.2817,True,False,False
zombie_F_extra_noise_0095.zip,0,8,True,6.7664,4.0929,False,1,0,4002,20,1,0.05,0.3848,True,False,False
zombie_F_extra_noise_0096.zip,0,8,True,6.7052,3.4271,False,1,0,4069,20,1,0.05,0.3852,True,False,False
zombie_F_extra_noise_0097.zip,0,8,True,6.639,4.4033,False,1,0,2197,11,1,0.0909,0.4144,True,False,False
zombie_F_extra_noise_0098.zip,0,8,True,6.6518,4.3219,False,1,0,4035,20,1,0.05,0.3081,True,False,False
zombie_F_extra_noise_0099.zip,0,8,True,6.6982,4.4695,False,1,0,3673,18,1,0.0556,0.279,True,False,False
zombie_G_high_compression_0000.zip,0,8,True,6.7447,2.079,False,1,0,3996,20,1,0.05,0.72,True,False,False
zombie_G_high_compression_0001.zip,0,8,True,6.7466,2.9479,False,1,0,3977,20,1,0.05,0.5024,True,False,False
zombie_G_high_compression_0002.zip,0,8,True,6.7419,1.7263,False,1,0,4090,20,1,0.05,0.7397,True,False,False
zombie_G_high_compression_0003.zip,0,8,True,6.7599,1.9955,False,1,0,4112,20,1,0.05,0.6514,True,False,False
zombie_G_high_compression_0004.zip,0,8,True,6.7459,2.8448,False,1,0,4112,20,1,0.05,0.5075,True,False,False
zombie_G_high_compression_0005.zip,0,8,True,6.7756,3.3584,False,1,0,4020,20,1,0.05,0.4687,True,False,False
zombie_G_high_compression_0006.zip,0,8,True,6.5442,1.8732,False,1,0,2356,12,1,0.0833,0.9779,True,False,False
zombie_G_high_compression_0007.zip,0,8,True,6.7453,2.3119,False,1,0,4211,20,1,0.05,0.6107,True,False,False
zombie_G_high_compression_0008.zip,0,8,True,6.7701,1.8156,False,1,0,3388,16,1,0.0625,0.8222,True,False,False
zombie_G_high_compression_0009.zip,0,8,True,6.6953,2.1482,False,1,0,3948,20,1,0.05,0.629,True,False,False
zombie_G_high_compression_0010.zip,0,8,True,6.7414,2.5764,False,1,0,2003,10,1,0.1,0.9691,True,False,False
zombie_G_high_compression_0011.zip,0,8,True,6.6443,1.902,False,1,0,3961,20,1,0.05,0.728,True,False,False
zombie_G_high_compression_0012.zip,0,8,True,6.7047,3.138,False,1,0,2539,14,1,0.0714,0.5369,True,False,False
zombie_G_high_compression_0013.zip,0,8,True,6.626,2.1897,False,1,0,1391,7,1,0.1429,1.3086,True,False,False
zombie_G_high_compression_0014.zip,0,8,True,6.7626,2.0769,False,1,0,4115,20,1,0.05,0.6228,True,False,False
zombie_G_high_compression_0015.zip,0,8,True,6.7009,1.9836,False,1,0,3542,17,1,0.0588,0.7184,True,False,False
zombie_G_high_compression_0016.zip,0,8,True,6.6884,2.9434,False,1,0,3881,20,1,0.05,0.5129,True,False,False
zombie_G_high_compression_0017.zip,0,8,True,6.8227,2.164,False,1,0,4220,20,1,0.05,0.6761,True,False,False
zombie_G_high_compression_0018.zip,0,8,True,6.6039,1.6369,False,1,0,4011,20,1,0.05,0.7257,True,False,False
zombie_G_high_compression_0019.zip,0,8,True,6.722,2.1969,False,1,0,3763,18,1,0.0556,0.646,True,False,False
zombie_G_high_compression_0020.zip,0,8,True,6.7588,1.9778,False,1,0,3700,18,1,0.0556,0.718,True,False,False
zombie_G_high_compression_0021.zip,0,8,True,6.6195,2.2451,False,1,0,2015,10,1,0.1,1.0294,True,False,False
zombie_G_high_compression_0022.zip,0,8,True,6.6899,2.4472,False,1,0,3681,20,1,0.05,0.6023,True,False,False
zombie_G_high_compression_0023.zip,0,8,True,6.855,2.7623,False,1,0,3798,18,1,0.0556,0.6059,True,False,False
zombie_G_high_compression_0024.zip,0,8,True,6.6712,1.902,False,1,0,1479,7,1,0.1429,1.5694,True,False,False
zombie_G_high_compression_0025.zip,0,8,True,6.7582,2.7862,False,1,0,3893,20,1,0.05,0.4934,True,False,False
zombie_G_high_compression_0026.zip,0,8,True,6.7846,3.3584,False,1,0,3426,17,1,0.0588,0.4721,True,False,False
zombie_G_high_compression_0027.zip,0,8,True,6.6535,2.2572,False,1,0,3887,20,1,0.05,0.6163,True,False,False
zombie_G_high_compression_0028.zip,0,8,True,6.6765,1.8949,False,1,0,4006,20,1,0.05,0.652,True,False,False
zombie_G_high_compression_0029.zip,0,8,True,6.6477,2.7433,False,1,0,4144,20,1,0.05,0.5358,True,False,False
zombie_G_high_compression_0030.zip,0,8,True,6.6424,2.8745,False,1,0,3948,20,1,0.05,0.4769,True,False,False
zombie_G_high_compression_0031.zip,0,8,True,6.6655,3.0567,False,1,0,4012,20,1,0.05,0.4949,True,False,False
zombie_G_high_compression_0032.zip,0,8,True,6.7018,1.6557,False,1,0,4049,20,1,0.05,0.6955,True,False,False
zombie_G_high_compression_0033.zip,0,8,True,6.4563,2.164,False,1,0,1431,8,1,0.125,1.0128,True,False,False
zombie_G_high_compression_0034.zip,0,8,True,6.7245,2.0723,False,1,0,4124,20,1,0.05,0.6648,True,False,False
zombie_G_high_compression_0035.zip,0,8,True,6.7714,2.6878,False,1,0,4024,20,1,0.05,0.5887,True,False,False
zombie_G_high_compression_0036.zip,0,8,True,6.6603,1.8051,False,1,0,1135,6,1,0.1667,1.6287,True,False,False
zombie_G_high_compression_0037.zip,0,8,True,6.5861,2.1846,False,1,0,3998,20,1,0.05,0.5206,True,False,False
zombie_G_high_compression_0038.zip,0,8,True,6.7804,2.1897,False,1,0,3996,20,1,0.05,0.6531,True,False,False
zombie_G_high_compression_0039.zip,0,8,True,6.7103,1.9836,False,1,0,4110,20,1,0.05,0.6276,True,False,False
zombie_G_high_compression_0040.zip,0,8,True,6.6601,1.737,False,1,0,3991,20,1,0.05,0.7859,True,False,False
zombie_G_high_compression_0041.zip,0,8,True,6.7171,1.7793,False,1,0,3961,20,1,0.05,0.7963,True,False,False
zombie_G_high_compression_0042.zip,0,8,True,6.7419,2.0433,False,1,0,4114,20,1,0.05,0.7343,True,False,False
zombie_G_high_compression_0043.zip,0,8,True,6.6691,2.585,False,1,0,3928,20,1,0.05,0.4505,True,False,False
zombie_G_high_compression_0044.zip,0,8,True,6.6386,3.1255,False,1,0,3968,20,1,0.05,0.4244,True,False,False
zombie_G_high_compression_0045.zip,0,8,True,6.7737,2.9479,False,1,0,4080,20,1,0.05,0.4652,True,False,False
zombie_G_high_compression_0046.zip,0,8,True,6.8054,2.2585,False,1,0,4232,20,1,0.05,0.5778,True,False,False
zombie_G_high_compression_0047.zip,0,8,True,6.7522,2.0911,False,1,0,4175,20,1,0.05,0.6123,True,False,False
zombie_G_high_compression_0048.zip,0,8,True,6.6637,2.1789,False,1,0,3868,20,1,0.05,0.6293,True,False,False
zombie_G_high_compression_0049.zip,0,8,True,6.7033,2.4701,False,1,0,3200,16,1,0.0625,0.7124,True,False,False
zombie_G_high_compression_0050.zip,0,8,True,6.7126,2.7078,False,1,0,1793,9,1,0.1111,0.8339,True,False,False
zombie_G_high_compression_0051.zip,0,8,True,6.6872,2.2585,False,1,0,3980,20,1,0.05,0.489,True,False,False
zombie_G_high_compression_0052.zip,0,8,True,6.7414,2.2749,False,1,0,2276,11,1,0.0909,0.8925,True,False,False
zombie_G_high_compression_0053.zip,0,8,True,6.6793,2.585,False,1,0,4023,20,1,0.05,0.548,True,False,False
zombie_G_high_compression_0054.zip,0,8,True,6.8036,2.6394,False,1,0,3883,20,1,0.05,0.6555,True,False,False
zombie_G_high_compression_0055.zip,0,8,True,6.6677,2.7185,False,1,0,3822,19,1,0.0526,0.5561,True,False,False
zombie_G_high_compression_0056.zip,0,8,True,6.7997,2.8448,False,1,0,4092,20,1,0.05,0.5478,True,False,False
zombie_G_high_compression_0057.zip,0,8,True,6.8466,3.415,False,1,0,4326,20,1,0.05,0.4142,True,False,False
zombie_G_high_compression_0058.zip,0,8,True,6.7308,1.902,False,1,0,3811,20,1,0.05,0.6784,True,False,False
zombie_G_high_compression_0059.zip,0,8,True,6.6349,3.0433,False,1,0,2475,12,1,0.0833,0.593,True,False,False
zombie_G_high_compression_0060.zip,0,8,True,6.7212,2.981,False,1,0,4180,20,1,0.05,0.4979,True,False,False
zombie_G_high_compression_0061.zip,0,8,True,6.7274,2.2873,False,1,0,4113,20,1,0.05,0.5873,True,False,False
zombie_G_high_compression_0062.zip,0,8,True,6.7559,2.9434,False,1,0,3975,20,1,0.05,0.5444,True,False,False
zombie_G_high_compression_0063.zip,0,8,True,6.6838,2.3585,False,1,0,3976,20,1,0.05,0.6897,True,False,False
zombie_G_high_compression_0064.zip,0,8,True,6.7643,2.7073,False,1,0,1203,6,1,0.1667,1.3907,True,False,False
zombie_G_high_compression_0065.zip,0,8,True,6.7661,2.061,False,1,0,4057,20,1,0.05,0.7006,True,False,False
zombie_G_high_compression_0066.zip,0,8,True,6.6924,2.8745,False,1,0,2791,14,1,0.0714,0.6497,True,False,False
zombie_G_high_compression_0067.zip,0,8,True,6.7431,1.9784,False,1,0,4036,20,1,0.05,0.7384,True,False,False
zombie_G_high_compression_0068.zip,0,8,True,6.7959,1.9949,False,1,0,4048,20,1,0.05,0.754,True,False,False
zombie_G_high_compression_0069.zip,0,8,True,6.7482,1.6557,False,1,0,4266,20,1,0.05,0.7549,True,False,False
zombie_G_high_compression_0070.zip,0,8,True,6.7836,2.5182,False,1,0,3866,20,1,0.05,0.5459,True,False,False
zombie_G_high_compression_0071.zip,0,8,True,6.7554,3.164,False,1,0,3933,20,1,0.05,0.4847,True,False,False
zombie_G_high_compression_0072.zip,0,8,True,6.7694,1.5991,False,1,0,4141,20,1,0.05,0.7539,True,False,False
zombie_G_high_compression_0073.zip,0,8,True,6.7086,2.7623,False,1,0,3974,20,1,0.05,0.5274,True,False,False
zombie_G_high_compression_0074.zip,0,8,True,6.7727,2.2585,False,1,0,4006,20,1,0.05,0.5576,True,False,False
zombie_G_high_compression_0075.zip,0,8,True,6.7838,1.9836,False,1,0,4050,20,1,0.05,0.6533,True,False,False
zombie_G_high_compression_0076.zip,0,8,True,6.7175,2.385,False,1,0,4052,20,1,0.05,0.4616,True,False,False
zombie_G_high_compression_0077.zip,0,8,True,6.8064,1.9871,False,1,0,3971,20,1,0.05,0.6906,True,False,False
zombie_G_high_compression_0078.zip,0,8,True,6.6554,2.0769,False,1,0,3843,20,1,0.05,0.7104,True,False,False
zombie_G_high_compression_0079.zip,0,8,True,6.6276,2.3119,False,1,0,3854,20,1,0.05,0.5857,True,False,False
zombie_G_high_compression_0080.zip,0,8,True,6.7676,1.9784,False,1,0,3932,20,1,0.05,0.689,True,False,False
zombie_G_high_compression_0081.zip,0,8,True,6.6665,2.5062,False,1,0,1624,8,1,0.125,1.0868,True,False,False
zombie_G_high_compression_0082.zip,0,8,True,6.6953,1.9836,False,1,0,4035,20,1,0.05,0.5836,True,False,False
zombie_G_high_compression_0083.zip,0,8,True,6.6497,2.8074,False,1,0,1719,9,1,0.1111,0.9401,True,False,False
zombie_G_high_compression_0084.zip,0,8,True,6.5742,2.0664,False,1,0,1714,9,1,0.1111,1.0319,True,False,False
zombie_G_high_compression_0085.zip,0,8,True,6.5838,2.6295,False,1,0,3693,20,1,0.05,0.4608,True,False,False
zombie_G_high_compression_0086.zip,0,8,True,6.7103,1.9081,False,1,0,3766,20,1,0.05,0.7104,True,False,False
zombie_G_high_compression_0087.zip,0,8,True,6.6224,1.6557,False,1,0,3795,20,1,0.05,0.7497,True,False,False
zombie_G_high_compression_0088.zip,0,8,True,6.6252,3.3584,False,1,0,3940,20,1,0.05,0.4102,True,False,False
zombie_G_high_compression_0089.zip,0,8,True,6.7737,2.263,False,1,0,4181,20,1,0.05,0.6379,True,False,False
zombie_G_high_compression_0090.zip,0,8,True,6.6828,2.079,False,1,0,3963,20,1,0.05,0.7432,True,False,False
zombie_G_high_compression_0091.zip,0,8,True,6.6972,2.1737,False,1,0,3535,18,1,0.0556,0.696,True,False,False
zombie_G_high_compression_0092.zip,0,8,True,6.6333,3.164,False,1,0,3822,20,1,0.05,0.5035,True,False,False
zombie_G_high_compression_0093.zip,0,8,True,6.7009,2.4701,False,1,0,4133,20,1,0.05,0.6889,True,False,False
zombie_G_high_compression_0094.zip,0,8,True,6.6584,2.3119,False,1,0,3995,20,1,0.05,0.657,True,False,False
zombie_G_high_compression_0095.zip,0,8,True,6.7729,1.9175,False,1,0,4042,20,1,0.05,0.6528,True,False,False
zombie_G_high_compression_0096.zip,0,8,True,6.7017,2.1482,False,1,0,2040,10,1,0.1,1.1615,True,False,False
zombie_G_high_compression_0097.zip,0,8,True,6.7895,2.4472,False,1,0,4172,20,1,0.05,0.6376,True,False,False
zombie_G_high_compression_0098.zip,0,8,True,6.6865,1.9005,False,1,0,3606,18,1,0.0556,0.7055,True,False,False
zombie_G_high_compression_0099.zip,0,8,True,6.7931,2.6761,False,1,0,3698,18,1,0.0556,0.6433,True,False,False
zombie_H_size_mismatch_0000.zip,0,8,True,7.8758,7.7797,True,1,0,5925,20,1,0.05,0.1865,True,False,False
zombie_H_size_mismatch_0001.zip,0,8,True,7.8824,7.7896,True,1,0,5929,20,1,0.05,0.2648,True,False,False
zombie_H_size_mismatch_0002.zip,0,8,True,7.9087,7.8325,True,1,0,6057,20,1,0.05,0.2816,True,False,False
zombie_H_size_mismatch_0003.zip,0,8,True,7.7807,7.6489,True,1,0,4912,20,1,0.05,0.2489,True,False,False
zombie_H_size_mismatch_0004.zip,0,8,True,7.8759,7.7823,True,1,0,4026,13,1,0.0769,0.5237,True,False,False
zombie_H_size_mismatch_0005.zip,0,8,True,7.8133,7.6889,True,1,0,5100,20,1,0.05,0.1929,True,False,False
zombie_H_size_mismatch_0006.zip,0,8,True,7.7184,7.5707,True,1,0,3715,15,1,0.0667,0.1966,True,False,False
zombie_H_size_mismatch_0007.zip,0,8,True,7.8971,7.8088,True,1,0,5915,20,1,0.05,0.2639,True,False,False
zombie_H_size_mismatch_0008.zip,0,8,True,7.8859,7.7889,True,1,0,5281,20,1,0.05,0.287,True,False,False
zombie_H_size_mismatch_0009.zip,0,8,True,7.859,7.7519,True,1,0,5719,20,1,0.05,0.157,True,False,False
zombie_H_size_mismatch_0010.zip,0,8,True,7.8897,7.795,True,1,0,5006,16,1,0.0625,0.2787,True,False,False
zombie_H_size_mismatch_0011.zip,0,8,True,7.9019,7.8281,True,1,0,6350,20,1,0.05,0.1906,True,False,False
zombie_H_size_mismatch_0012.zip,0,8,True,7.859,7.7449,True,1,0,5114,20,1,0.05,0.2906,True,False,False
zombie_H_size_mismatch_0013.zip,0,8,True,7.8684,7.7665,True,1,0,5438,20,1,0.05,0.3067,True,False,False
zombie_H_size_mismatch_0014.zip,0,8,True,7.8349,7.7153,True,1,0,5362,20,1,0.05,0.2998,True,False,False
zombie_H_size_mismatch_0015.zip,0,8,True,7.8715,7.7721,True,1,0,3549,10,1,0.1,0.5645,True,False,False
zombie_H_size_mismatch_0016.zip,0,8,True,7.8975,7.8169,True,1,0,6055,20,1,0.05,0.3881,True,False,False
zombie_H_size_mismatch_0017.zip,0,8,True,7.8603,7.7472,True,1,0,3031,8,1,0.125,0.4982,True,False,False
zombie_H_size_mismatch_0018.zip,0,8,True,7.9155,7.8381,True,1,0,6365,20,1,0.05,0.2621,True,False,False
zombie_H_size_mismatch_0019.zip,0,8,True,7.8712,7.7696,True,1,0,5408,20,1,0.05,0.2252,True,False,False
zombie_H_size_mismatch_0020.zip,0,8,True,7.7882,7.6467,True,1,0,2122,6,1,0.1667,0.3168,True,False,False
zombie_H_size_mismatch_0021.zip,0,8,True,7.8369,7.7221,True,1,0,4874,20,1,0.05,0.3272,True,False,False
zombie_H_size_mismatch_0022.zip,0,8,True,7.7923,7.6344,True,1,0,5126,20,1,0.05,0.2809,True,False,False
zombie_H_size_mismatch_0023.zip,0,8,True,7.9062,7.8291,True,1,0,6231,20,1,0.05,0.1875,True,False,False
zombie_H_size_mismatch_0024.zip,0,8,True,7.6916,7.5527,True,1,0,4488,20,1,0.05,0.3964,True,False,False
zombie_H_size_mismatch_0025.zip,0,8,True,7.9184,7.8477,True,1,0,6521,20,1,0.05,0.2191,True,False,False
zombie_H_size_mismatch_0026.zip,0,8,True,7.896,7.8096,True,1,0,6365,20,1,0.05,0.2761,True,False,False
zombie_H_size_mismatch_0027.zip,0,8,True,7.8985,7.8069,True,1,0,6053,20,1,0.05,0.2478,True,False,False
zombie_H_size_mismatch_0028.zip,0,8,True,7.878,7.7743,True,1,0,4652,16,1,0.0625,0.3891,True,False,False
zombie_H_size_mismatch_0029.zip,0,8,True,7.8227,7.7001,True,1,0,3938,14,1,0.0714,0.2555,True,False,False
zombie_H_size_mismatch_0030.zip,0,8,True,7.8987,7.8205,True,1,0,6039,20,1,0.05,0.2094,True,False,False
zombie_H_size_mismatch_0031.zip,0,8,True,7.8665,7.7504,True,1,0,5595,20,1,0.05,0.2506,True,False,False
zombie_H_size_mismatch_0032.zip,0,8,True,7.9022,7.8218,True,1,0,6246,20,1,0.05,0.3213,True,False,False
zombie_H_size_mismatch_0033.zip,0,8,True,7.86,7.7405,True,1,0,5589,20,1,0.05,0.2533,True,False,False
zombie_H_size_mismatch_0034.zip,0,8,True,7.8467,7.7373,True,1,0,5308,20,1,0.05,0.1319,True,False,False
zombie_H_size_mismatch_0035.zip,0,8,True,7.8725,7.7729,True,1,0,2934,7,1,0.1429,0.4741,True,False,False
zombie_H_size_mismatch_0036.zip,0,8,True,7.8625,7.7509,True,1,0,5467,20,1,0.05,0.2417,True,False,False
zombie_H_size_mismatch_0037.zip,0,8,True,7.8673,7.7595,True,1,0,2761,7,1,0.1429,0.34,True,False,False
zombie_H_size_mismatch_0038.zip,0,8,True,7.8977,7.8106,True,1,0,6559,20,1,0.05,0.1832,True,False,False
zombie_H_size_mismatch_0039.zip,0,8,True,7.904,7.8237,True,1,0,6045,20,1,0.05,0.4694,True,False,False
zombie_H_size_mismatch_0040.zip,0,8,True,7.7703,7.6268,True,1,0,4130,16,1,0.0625,0.3958,True,False,False
zombie_H_size_mismatch_0041.zip,0,8,True,7.7739,7.6362,True,1,0,4955,20,1,0.05,0.3236,True,False,False
zombie_H_size_mismatch_0042.zip,0,8,True,7.7529,7.6153,True,1,0,4716,20,1,0.05,0.2942,True,False,False
zombie_H_size_mismatch_0043.zip,0,8,True,7.8973,7.8099,True,1,0,6379,20,1,0.05,0.2483,True,False,False
zombie_H_size_mismatch_0044.zip,0,8,True,7.8434,7.7287,True,1,0,3423,12,1,0.0833,0.4031,True,False,False
zombie_H_size_mismatch_0045.zip,0,8,True,7.8708,7.7818,True,1,0,4889,18,1,0.0556,0.4103,True,False,False
zombie_H_size_mismatch_0046.zip,0,8,True,7.8213,7.6972,True,1,0,4551,17,1,0.0588,0.1357,True,False,False
zombie_H_size_mismatch_0047.zip,0,8,True,7.8107,7.6927,True,1,0,5217,20,1,0.05,0.2278,True,False,False
zombie_H_size_mismatch_0048.zip,0,8,True,7.883,7.7939,True,1,0,4385,14,1,0.0714,0.2866,True,False,False
zombie_H_size_mismatch_0049.zip,0,8,True,7.7611,7.6081,True,1,0,3212,12,1,0.0833,0.328,True,False,False
zombie_H_size_mismatch_0050.zip,0,8,True,7.8496,7.7386,True,1,0,5519,20,1,0.05,0.1314,True,False,False
zombie_H_size_mismatch_0051.zip,0,8,True,7.8853,7.7954,True,1,0,3664,10,1,0.1,0.4942,True,False,False
zombie_H_size_mismatch_0052.zip,0,8,True,7.7348,7.5813,True,1,0,1992,7,1,0.1429,0.3173,True,False,False
zombie_H_size_mismatch_0053.zip,0,8,True,7.8634,7.7549,True,1,0,5550,20,1,0.05,0.3764,True,False,False
zombie_H_size_mismatch_0054.zip,0,8,True,7.8893,7.8034,True,1,0,5850,20,1,0.05,0.4289,True,False,False
zombie_H_size_mismatch_0055.zip,0,8,True,7.8859,7.8008,True,1,0,5925,20,1,0.05,0.3431,True,False,False
zombie_H_size_mismatch_0056.zip,0,8,True,7.8134,7.683,True,1,0,2934,9,1,0.1111,0.1932,True,False,False
zombie_H_size_mismatch_0057.zip,0,8,True,7.69,7.5234,True,1,0,3101,12,1,0.0833,0.4118,True,False,False
zombie_H_size_mismatch_0058.zip,0,8,True,7.9072,7.828,True,1,0,6077,20,1,0.05,0.4246,True,False,False
zombie_H_size_mismatch_0059.zip,0,8,True,7.8359,7.7213,True,1,0,4401,15,1,0.0667,0.3915,True,False,False
zombie_H_size_mismatch_0060.zip,0,8,True,7.8617,7.7572,True,1,0,5234,20,1,0.05,0.3863,True,False,False
zombie_H_size_mismatch_0061.zip,0,8,True,7.8763,7.7784,True,1,0,4079,12,1,0.0833,0.178,True,False,False
zombie_H_size_mismatch_0062.zip,0,8,True,7.8489,7.7445,True,1,0,5228,20,1,0.05,0.4526,True,False,False
zombie_H_size_mismatch_0063.zip,0,8,True,7.8904,7.8021,True,1,0,5963,20,1,0.05,0.3623,True,False,False
zombie_H_size_mismatch_0064.zip,0,8,True,7.7371,7.5984,True,1,0,4232,18,1,0.0556,0.4043,True,False,False
zombie_H_size_mismatch_0065.zip,0,8,True,7.8893,7.7896,True,1,0,5007,16,1,0.0625,0.366,True,False,False
zombie_H_size_mismatch_0066.zip,0,8,True,7.9113,7.8337,True,1,0,6261,20,1,0.05,0.1647,True,False,False
zombie_H_size_mismatch_0067.zip,0,8,True,7.8685,7.7653,True,1,0,4940,20,1,0.05,0.3793,True,False,False
zombie_H_size_mismatch_0068.zip,0,8,True,7.7461,7.6105,True,1,0,4819,20,1,0.05,0.2988,True,False,False
zombie_H_size_mismatch_0069.zip,0,8,True,7.8293,7.7007,True,1,0,5198,20,1,0.05,0.2549,True,False,False
zombie_H_size_mismatch_0070.zip,0,8,True,7.7383,7.5861,True,1,0,3079,12,1,0.0833,0.2578,True,False,False
zombie_H_size_mismatch_0071.zip,0,8,True,7.9023,7.8213,True,1,0,6132,20,1,0.05,0.2465,True,False,False
zombie_H_size_mismatch_0072.zip,0,8,True,7.9055,7.8207,True,1,0,5492,16,1,0.0625,0.2716,True,False,False
zombie_H_size_mismatch_0073.zip,0,8,True,7.8751,7.7721,True,1,0,5521,20,1,0.05,0.4009,True,False,False
zombie_H_size_mismatch_0074.zip,0,8,True,7.8898,7.8028,True,1,0,2902,6,1,0.1667,0.5226,True,False,False
zombie_H_size_mismatch_0075.zip,0,8,True,7.8946,7.8089,True,1,0,5900,20,1,0.05,0.2949,True,False,False
zombie_H_size_mismatch_0076.zip,0,8,True,7.9057,7.821,True,1,0,6438,20,1,0.05,0.2056,True,False,False
zombie_H_size_mismatch_0077.zip,0,8,True,7.7607,7.5988,True,1,0,4874,20,1,0.05,0.2071,True,False,False
zombie_H_size_mismatch_0078.zip,0,8,True,7.7631,7.63,True,1,0,4903,20,1,0.05,0.1627,True,False,False
zombie_H_size_mismatch_0079.zip,0,8,True,7.8786,7.7773,True,1,0,5595,20,1,0.05,0.242,True,False,False
zombie_H_size_mismatch_0080.zip,0,8,True,7.8592,7.751,True,1,0,5584,20,1,0.05,0.3968,True,False,False
zombie_H_size_mismatch_0081.zip,0,8,True,7.8926,7.8122,True,1,0,5668,20,1,0.05,0.2373,True,False,False
zombie_H_size_mismatch_0082.zip,0,8,True,7.8605,7.7604,True,1,0,3259,10,1,0.1,0.6702,True,False,False
zombie_H_size_mismatch_0083.zip,0,8,True,7.9074,7.8311,True,1,0,6032,20,1,0.05,0.258,True,False,False
zombie_H_size_mismatch_0084.zip,0,8,True,7.8505,7.7431,True,1,0,5381,20,1,0.05,0.2655,True,False,False
zombie_H_size_mismatch_0085.zip,0,8,True,7.7955,7.6658,True,1,0,5113,20,1,0.05,0.266,True,False,False
zombie_H_size_mismatch_0086.zip,0,8,True,7.9074,7.831,True,1,0,5566,17,1,0.0588,0.2747,True,False,False
zombie_H_size_mismatch_0087.zip,0,8,True,7.7427,7.5776,True,1,0,4757,20,1,0.05,0.3083,True,False,False
zombie_H_size_mismatch_0088.zip,0,8,True,7.8232,7.7003,True,1,0,5014,20,1,0.05,0.3579,True,False,False
zombie_H_size_mismatch_0089.zip,0,8,True,7.8015,7.677,True,1,0,3234,11,1,0.0909,0.1961,True,False,False
zombie_H_size_mismatch_0090.zip,0,8,True,7.8789,7.7837,True,1,0,5802,20,1,0.05,0.2107,True,False,False
zombie_H_size_mismatch_0091.zip,0,8,True,7.8856,7.7912,True,1,0,3589,8,1,0.125,0.4531,True,False,False
zombie_H_size_mismatch_0092.zip,0,8,True,7.8793,7.7813,True,1,0,4223,11,1,0.0909,0.4473,True,False,False
zombie_H_size_mismatch_0093.zip,0,8,True,7.7866,7.6517,True,1,0,3871,15,1,0.0667,0.1891,True,False,False
zombie_H_size_mismatch_0094.zip,0,8,True,7.8107,7.6894,True,1,0,5095,20,1,0.05,0.227,True,False,False
zombie_H_size_mismatch_0095.zip,0,8,True,7.9082,7.8312,True,1,0,5730,20,1,0.05,0.4439,True,False,False
zombie_H_size_mismatch_0096.zip,0,8,True,7.8933,7.8035,True,1,0,6047,20,1,0.05,0.2749,True,False,False
zombie_H_size_mismatch_0097.zip,0,8,True,7.7311,7.5701,True,1,0,4696,20,1,0.05,0.3254,True,False,False
zombie_H_size_mismatch_0098.zip,0,8,True,7.8138,7.6831,True,1,0,4759,20,1,0.05,0.487,True,False,False
zombie_H_size_mismatch_0099.zip,0,8,True,7.7054,7.5251,True,1,0,3721,16,1,0.0625,0.2956,True,False,False
